filename	movieDataSize
271646AEB3A9FA5E7DCDE032B7EAAB7D27E4BEC3529B2477B968732C0C163341	73349792
2E601780AB6EB1F62A4A891A71E67D7B5BA855F2EDF83815E85F18CFB6527991	71594847
306907D51B75E1B213CB07A558B370B4F0F036B0C8412B96EC97585C63AC673A	48869589
36BE05C2B894166DE060AB592145B214CF26125ED52484BDD2BB7396CBE4617D	55067948
45503F59CE8A57C80C922EFE4D5CE9C1A4409763E89AFA0C89107BA1F1A8540F	46976887
48957EF0B4BC9E47D0A719897EE6C2495080B32D422FF501BCAE91750C106719	72428245
54BB501CC16591C5192C34ED6926344483C60E580177840942962AEDCA6F9718	139232822
5BEA4BD08F6A722A9E9F007750C0A87DD2093AB365B4FF2716983941C24A9080	72853018
63E2375C868E48FC8F05AF80235DAB70CF0963DA096ADE9449BDFE9D90275B3E	105480968
673236E670FFF70E490AFB96C7FFBE5441EBF5F501BE5BB96A45AEF53F224E79	95288798
6BA41CA90FC2945559D21C63BC87F1EC9634C3276E75390884E46781F8226251	63938836
6C0DFAFDEBADEB0E48EBBE07BFBAADADD626F22C9B904185FAB535879D29C446	66784850
6FD1E9D8EB29E2917ED1987C3D2B43F09AFBB50E63DD53DA8D0ADE362AC0DFA0	65350099
7641E971627B677420EC78B75D71261B11FAB25C3CB12DBFE625AB7AEB9C383F	62246975
768542885D9E4CA5D2184A0E26AAC6148C2AECF58BEF5926818A5A68FF9BDBD3	62241829
914465AFEAEE7AFCD873B1E96132FCDE7B419C2962B6A38C89D83E1DEC691181	7422802
9C2139E5251BA10FB5AC1646A52307040EDDC0F10E6664D06EA6710EDC1D6C8A	86611295
9D529984D6FAD4A5F609EFDFD80C52E29CA5AD5040E39DB64142681159FB1067	26271284
B13A9402F117A36BBEB83E430F794A923AFB75ED0199F045B1FCD3B68337FFEE	69597881
B52F9A60B44991F3CFB8144571061699B0E4FBA98E82D4A5444D5EADCBEE53F5	131855078
D4C0C5AB72004F74A887B265AE23C6C73BC9FEB97FDDA08AE19612C59E227B98	83228986
E0391C8EAD15FD99A446EC29BB62D26628E8EC7E551D7C51E8C539169092B6CE	60633502
E0D537E0560755B7D98F21E2460CEF2121F53DEE3CBD9260E0DA2247814A45FF	93857193
E11AFE749D0B8925480A78ADEDE7CF4EBF2030706220531DE267EFCF3725F818	54935476
E98346D12F3FCA1BC04BC5D535131770B89B28FB8239081F18CD0C8BE8916530	52225776
F3628FB9DDA2365801DBFA5E665FC6978D170A7ABF8B3A9D919B55F2C21A3822	67541677
FFE80183CFA700E5CB4533BA9233D14293BF91A9C9FDBF121E0E35881C28B30D	3141587
289E753B8B6A1614637F6A3DA268ADB7C70A4F9C5606BD0223329A6D0BE74170	7697325
839B9514871BCBFA4DFFD87C67A9FDF3C9546914BD1DFE1FD833937583058C10	4274071
91C87BB125493E1041AAC66992F1D8DC38266146B7C831BF0E79E867BB92BE0B	1204836
C0F91A10BA69AEEC78BECAE55306291512907AF4DBB72C30F25495EF05ED2342	3554913
C4833B1452F60F2AD5A220F5A008E85C8BD0DBCF786C2DE1DBD83853018372CB	4274071
C870FD99B74E72C0A60F7DF218B1455D09A0772746F925E98BC1A12DAFBB709D	1129511
D0F6366656CCEBDD3AC24EE48C8CA5834415CB362BA44C4B2DFE40FCE32B324C	2103971
F414A4E0204BFB4EC483C187890DD1812A37D68C9507579E1D36EAD1180ECC60	2362059
073CB0C104E3D3E8DF5D8D8E2EBC496B9B229F22AD43C98A866BB2B6614BDC36	12782861
09E120324315413F509DC3A8FA946FDA21BFE6A0AA35E0832B9D43DEF74683C3	2515048
278017F50F2BE043A15E02137581A64F4F8DB3A853BB5DEA8F5B49CAD1CA3B86	6562539
3002FD8433A543FD8C2DA6BD9EE4EF5F56D65E107584BE49872D1666B6EF8309	12299321
43E806BAAF81C644960DD516E6E71C8463DA24544585B4878425C8E30733AC36	13019985
50C1A6AD89BA9EB44324564104C6D11F95010DE629A9624C0747E0273429CFEC	7848603
5318DA65D9DFB7ECC57C3E0246D96D4056F59FD3B42BDC7F59692BA9C350B097	2406029
5FCA4630D007D84C680ABCC54EA9AFF11173B8FC027F40312C124BC470D060F4	4561755
6159C6B7BE9269037B1F5CEE91863831E217C610377D1967BCEEE88654F7FA18	495236258
8C50685A1E0ABBCB5ABC7B6192DC92F047048F4DCEF7F1B58973162872958F35	6562539
8FF6127FA109388E8F74CECD4B4F53D6BF76B537C24D73AFBDEDD32F964305C1	4561755
99F87EC732AA7E52D41F975741FC0F58E93AC11B31BA683860D919ECE026B90D	3260439
9FB912566E83EF62196BAF6CB30ADF1A690E8B7710B44B029FCA1ABBC7B144C8	905546
AD76C0FFCCF32B5D3ABD7EDE1B7644E2162144B8EA765B14CC5092CDF4658A12	13019985
B6498FB3443FDDFD0414BE670D61731D369EF376625995D3F5A8B28B9A2E4354	5460318
D20A8F53470FE278EA51A576BAFC460B6CA9437BEBF31764BED93811A01773F4	12537022
E0A186EFB03C8C70D2B2F000F109591E89355A2804F6AD0840079F66F357756F	4918794
C221E484C7D23F175994479A741B4C16C8B20217BB674C898A77653859A48244	18649555
EF27A731BCA4C160012EF018F9FA82FAE7E077063F9BB6D752FEE4C589D4ABA8	42457781
0269F0B64E6D98485AD8771794301E615A36CCBEF13A88EE542E9CE9B853BAA6	15788113
05828ED3A636004798A971FD134E81AE039EEBA763BFED73DFBFC794D7189FC7	12791692
05BE042B5136BD4ABD7E0ED2CF596D28950F3015DCF7A23D286E8F411D9788CB	20067408
05CBDBCA33D3E6A2201A75103A16BE88CA86B0E7ADBC22B4B72DA3495206F36F	8318562
09658BBF684529DD4B582C8CDA0D958DCD09034C8787337011B2C5581E3E15B7	15988977
15CF29291DDA50A38A4E295C5302AED866A618CC161BE12D7B12C857391F9BAD	10043441
178D82BD17B2BCD5D12E2F6AD35773122A3658D6E0B639CFABB0ACFA4809512E	12151946
210B430BEF0994AC0FD42AC3DAC431435B1CEDA89EC7958F81D2D5392CD89CE5	13278486
2416F360C1AD382D7D85DD5B4DC12FA779E5AF907B0807878D9653DB67D5E4F3	14243476
25E512E61876B435B6907B7BF6014DAA361F84A05DCA20E73FB21DC263712420	9907086
328DDAEF5684387F897E42BE7A858EE7685B2DA75E2B63505708E4DF865B0EE1	10920407
32C4DB62761C5115F863E203F1CBAEEFF448C52D16AD5FDD811327425212A9F7	6551991
4C5E5FDDDAADEC116CF72C7915C8E2D1848A17F2F794F06BC39C3DCB9A9F6491	5334198
555C49F722B67C2EA34D2325A5EECF5077F677E73DBE705ADD244E32060AEBA6	24093060
565D85A28EA5D1F8C046FE422998DA65049372E17A3726F0B17F4E56589A95A4	14242593
5989E36D908A44A62930FADE5DB4A20DE50A3DE69EB18359116506A5B809F213	17246689
5B8519F6E95E2D7EABB67F1D43A29C167171BF29774D0EB8B94D2BA30EF98F54	27134770
5D874F6C7A4C2430E198497A20E1D3E315EACB3328F415E9EF175A1F356114EB	14344343
926FC2FC1F9AF3D1DEDDDEBB22C85D5B9E24FB89B6441EB3EDD6BF76EE28471F	14781105
9E59A16A1CC7BAFD3A859D504F051F82CC81D72CA89A2B13607BF1AA8DF5AA80	35504190
9FAA5041C366A7F3A2ACB4F25CD45667C309E7F3890F5F689E16975965992ED4	6112310
B1C0B3DCDE4A064274B64C055F8D2DBC96D13F912FE3437E0832617504305BD8	7090237
B90D2C4396626797FDF58F9BA3E374F7CF57B5E1D2D71469A726D20D99822FD1	15524961
BF112DA83DB5C26A4EF3B384894BB2D9B26195B8B999E3E833A7715AD7DD545A	27908006
C96C89550A6629C524F5FE80D9139997AD315EDE9C76D093F0C75C31B5FBFF89	26091404
CF3C3B37C51573A5836E4C358F861C704CCA7962FE7B259409C44D5EEF625C93	5057585
D885A6E397A33C5650F91F8CF29306AD60C95A1076975685DA10D12B8557DCD3	36698766
D932C9E43BF877C0A2C129E5805944B743C1B2AA78A8CB4F5B231AA7258EFE97	29907051
DD0343482612472882B8CE07F136E0ECB1EA5CB18B299A28BF1AB0DC33CB14D3	14552108
F3311AF731C5C12DEB3A67CC34404CFF7CEE8D847BBF30885590C9563BFC1D2C	7781753
FBFB4AD663F4492A8EF6F4CF1DAC76F5A49672A2B71E924AFBFF051E658E77C1	13914513
10860434A2F5AFCCB4449658480C9F8DA233652995A6C7D9B9C664B3ADB92C0E	86878832
2787296DD5DE9E12902F63F1230D6B1D2F870D12A3FA3628EE209EF599355385	210731367
37F0A6EE2D4C6D8BCA0374E91D7CDF6C073C521E6BB9BBEA2D74374D1DC4CDCB	1267361
38E6E248A63C76D90EB74C53CBF702F9E24B4EFE8C559F5ECF45876A99251755	191284402
78118ABAA0783FA0DEDEE3C0341F143D21B08A1DBE439CBBE4F9F51631AE3EB0	16578971
B3FA1B4E309C13AE4676D25FE2051BA70C82DE0FB6424FACF6145F66797783E6	120207462
C3597F9373013947067FD42A214880EB9308C0773015FB0844D9B494A892EF50	15940039
E93FE630376EC035D85F894F67E0D4AE9C1B2E5859BCF336B56C3780DFC36A7F	20452067
1977D1E1CA94AEFD239ABFE07D699442ED5DC109E386A2F7DB2DA5C227E274C4	2044865
7D0718D67AFF41940866E4DB49876A030C065DFA1F26A1726E85CEEBB3263458	1428293
F28D020744586A771287E483523D3E03BCDCE0899B040CBDF1118A5F7399ECE1	1834982
1C418B27447CAE49FC1E95902C48092577320B05EF863329032480820C8994C6	1238308
9355EDE5B408D98DA7E09292C871BFF8F36D35CBABF3018382183F21373FABA8	4794068
9919221F079EADADEC6AC1C0385190759AB8111ADA3DF72356D0DD71BE38E1B4	190047166
9E0E181813EBBF4C934D7249C5EE6022C27BD53947B03D9E3B121AA99512A473	4829802
B7EA737F027163646A508301A39639798ECE081D050DF45839C3437BD23CD0EA	4863125
BD452D31EAF867873919DD4322BA8FE4685E8C2DEC03D4D68E44794A89310613	377968861
E57559F3A0E7F209877046FF728A3B6937D4C7161B569722AC34023FA92858E1	4779496
04E1C1B119A91B5FAE6CEFEEB71686A3EA4B7F929177C38081752695D3248909	2394200
2A479DDA500E565824F6ECD6416240AC10613BAD4F550FA27F4B63D14F81B763	6939160
005B5939C945E1F2CFC933D0015454A24DDC954EE189ECD39A5749A7AEA9731C	585904953
1EDA9E1A64580351E960976584A079ADCC4B93733C0FAA5E8AD895B2F95F388D	276797046
21467DB8B19AA2E51588C816C0B5BD48B4E8F8324DF479879F2FF40CEDE32A4B	227281678
463E3514875E0974FE61A45C6F788A47EF77FE4824D8AD7CAA37EB1B08196F0C	436700661
5CC94FEB5550F445621507A392312C653B4702588718C1E51A47EA7D386DD4E7	199011350
67C626B3C5F4E82D8F95D97DCC45C6A6269DFC3E35B48B354CDA03096402B91A	154245177
7A06F482D04A92E7B4F073E3F34D385EA7ACD0DC84F8F5D332966EA7B7E40A0C	229442154
A51A71824F48EF0B7EB4303FE5D8BF126FB60431FFE84D81AB7B15878B4D8112	605910868
5A51C0A2242D876A2222BFFDA236B062FFF933868B341C9B30717FCD00D1BB2F	2027345
5C3958FC944B2196478A00D4AC4D4AC5018F75624990D82B6B3189D1103D3510	1911426
90036A75C8849A6DC6D8C40537CFF196016D73A769711BDC5BB450012CAE7B5D	265522
555BC96B77CA5395E91283DE092061AD6030993398581321B868FDD3E9B4CE2D	6945704
3EED9F82575A0A8EFC48EE13B89AC924DEB26511DF74496EAF54B5B125F805C9	6921202
53C9A1003093601ED59BE2F0F9D7889ACA008897FB661D5273F2E8E6923B1481	6591494
FE1ABC1870F75DCAFAC67170CF0AB3251C8D694E35FB639BE26B625C1AC93BB6	6608412
00371EB472944B0AA9AC0D3EE9C9524EE5BD9CF9D0A59788C30316D8283A14DA	2063221
00DFCD8305C6BAFC670DDA2176189CACD44693EA972EE4B6258D87725E83E99E	22774296
022B7FBA3BB23E224A6D63097781D57B50EBCD641B4395A3F43FEC46AC36D324	3499427
0291BA00BFC1FA53309DAD42100F1254EEEBC9119ABABD44A61269B6C57FF4F8	2681797
02E672CFE6F3155FF3A3163873AECAEAA55EBD40D44D9511B20374386F6AA0BA	84188405
03B0C22ACD403DAE4D390BEF97641AAFB95C2F9BB647DAD199437573385BF713	3186138
05AD262DD2D7C4CB71663CEE6F4F4157A0C4BE4F8FD090324079D1D19CA276D9	11791174
05B70A5EBF446EA7F8C45BBFE49F4DF9B2F35551E0563DAB21A7434DDEDC46B1	18363009
0746B45A78C8C145A77A56B6F0641B88FC3A4EC4A4513FD516A9AE4530C97624	6285902
07B73F75D0EB09897F18ACF007981EA0A7295D32890157481C3382887554A987	57769708
07D4156B48775F1DD075B95EEB51F0A6E731897BEC79351991DD4739234B19DC	2032605
08F167387A64F38B47F6C55741BF6D7D5E2D288D2C62EEE409D103668649408B	2463400
08F52284B92968F471A5E74754900A4AD3CE5B630BDEC323A9E7BBA1BCD8995A	19216458
0946B0C955197E68CE3EA0314BE01E6F6D8ACF3479C2333161729C24ECE22D02	2146760
0A90C67E158A05A507F710BAFF511FB2D60D1A10E9C59B4393FC7853FE53284B	42391487
0DA9CEB806967209BFD91FBAC6CE93896401D926398084F780EE21B0A93E1EC1	17870066
0F26E40C9CE07C07612A4324906610C11DDE63B35BFEDDB689778C0D6586978B	4110514
0FBE5AF3BA41A03D39A063E5718564BD01211817DBA702074DBE86ADDEA27208	1663435
1057BB236098E20EC89D049A075FC46EEF04194F4179D49F531FB39406553B5B	10957431
10D51B4E5728CDEF4FAB3772262DA07FAA3EB218E47C5C4A9E801A50322A2F95	20256562
136D1D95CA563A4E3F506F4A49B77908567F2208F3EEA7CE9CA21A9BFA4777C3	16801580
155DB9C9A8E85EB70E70FB1FB7EE21F046945E269DE40B610C704FBF2AE2C96E	2278511
16D9243C0537BC09841CF3083C0992F1C37F5D66138CB161ED10DA62771EDA07	837000
16E6AB7D2EF9E6E8B9A557180160365EFD7C9E091F5FF3DD4CB36506D18E0F87	31570736
17C90884FA9432905E7D3D098B5314196BBFE6F2FA122FD3F4A5BEEBC9BC7BC2	9338496
18E303BC8F00BBBF972CAAA41D732E47EC134E851EE436F0EABFFC66BB58C4E9	19829976
1A4BE876584DC2BB23C62C43B3346500F6E05C811ED406E1013622ADC0D8C34F	52844009
1C5B792065BF661EC1AE167207C532EB3721DA58346730070D26E85F0921C5D4	9383505
1F026E4AB276E3E2B4463C62A040A88A491EA5F7411F5750A1241731292435AC	17092889
21450EC99C469ECFE447FD78FDF6BFC0BFC38B2CCD8251B5F9A369D4F08F2303	14003610
22321E5F769BA4F4549B42A1C186FD27C2F95D625AAAE2B296C908E1F28B4843	3028232
2291047A7B33817F8B7700F24CF0442D39AF0775C85492D590B3A25CF931777B	1441565
256CF197AC30F3534527C126211122E71E6D307E9617B5F83864409FAF010E8E	1670196
26BA0B97E757209BEA90E7DE328D461E8F66107FE2A12AD5DFD963DF409A3706	3736479
26F993F68791DEDEFA413142CA013AAAA9177C1740D73FBBF6CA3F3C74906957	1116202
287208D0B973F1E23F57FCA50B4F99B1051CB64A16F0611FAD3756CE196462E4	13762346
2AF04EE2062D23C4AADDC8FB5DFB69A5C48F6EB439187935A19E39241D9E7AFF	3818534
2DE673486349D83F710D124119FB66DD496E244EF03731CC828349C6AEAFE325	12189315
2E99572850AE4C386470198B22D499E797B579F2572A037716C810CE7CBFBF4A	31535890
2F03243B027022C7FD148C368D80C43B8786B25770EAA8CF3C9056DEFFD3931C	50011867
30A5E0461BB45DC29A4E37B4FFE5237B0B1BD7922D2CA7C06F2D5730181B2629	21820268
3114C33EA8845719CBD07E8A39F25BE46420CFD87DD891C6BE1363D62136E88D	7235692
345871DE301EB1C920085C6E961211E89D91CB3406137EE1CD35CBB2D6F4EC47	24274551
3490F34DCFA609CE65BF3328456BAF5F521841B39146804770DB055904E76D04	9645878
35DC331C54C61F856084DD0368EF1FF0DBC9D0DC91E0ECBCA2223BA9683D77BD	1847083
362D6850C5C06F4538215459991DB322AFF1C49C200BC86717BCBCDA299106CD	4595009
3772F076135CBBE5B654D51CB5577446E4A33992E1CD73D494A6D6137D96ED75	33789951
38242403B85E4ADA0FFECA87BE990E02C9C45A7DC51E582DCE8173904BF876F7	1203736
3A5BFD2985E9C53DD9A089A789B48919819FD45DC8E0CCD6ABA6BECBF68726C1	3035959
3AB8F50CE04B098A449A4846856DDFA062B343A49D310FC4CA3980514A76B4ED	11155685
3B59DEC656249AB1E3DA7C71227983D26C6C180614662A2ECED70CDEA5941D00	7592306
417ECF069F45EF6D22F2C0A4CCFF4F3C95CCE4835726183AA65D087D2F473947	21403251
44210F84B0D0AB9A83F26ACDA5D88B58F4A7662253D2104F733F3A4F980FCCD4	5792169
44B4405600AEBADB1543F5C1842E1D15BADE962040A5C85B643BB10AC05485F8	30658178
49F5F50D52B5DDEE97EE849C80F03D17854D55B153406FBC67AF7F8253C7B376	24121050
4A389AC238A84CEEE49E72FFC7EDD9ED8C00A3825AB98E44C4311882B0A9E281	1348713
4B82064614F19560ADE4F9963590FF066B5949A60BFF8A8AA3A924DAB51D404A	13164652
4C412D1A44A2D36C6D4888001FC87A990628965FBC4FAD6F120E0D1828BACBA0	8289542
4C8AE841BCBA8891229E112ED004D820A9151E5B355983C4688B89ADB910C375	26520658
4D1F273E0BD489B0EDCC0B7BD02BA10F070774BA04477EC97ECD30CBAF8A7212	29907336
4E9284752E42353D6C1008873C8B36A529968AD707E04D52DE843C2E4145EB00	1118662
5048D3F977FC5A9CE7799EF1DE62DC332FA938FFCFD1E3FE41CDE2D5EB64D5B4	18722142
51F41549F3AD04D553B4F05656EE28C51D566998AE040FD1519CF62C1FF5D112	15892791
5302B65B47A05A42D79EC5CCB89ACAD5CFF9ADDBA9D7F3FF3ED3B1D8E2FFECF8	864670
56E066962808BCA8B48380932A6DA91224AC199AE9A47567534FC787B24A6D43	5227084
5811B936D706932D65D65B844F8F64F052D8A5B3FBB965E8B939495F5124EA19	38086059
5859BEE97531CA9B1018E9CC88228C1B20CEAA1A7A5803DD761D7303CAE417F9	17268335
5B424B49A8AB1E058721D6F165DC29D3925569953E6EC1553C49857937E67618	30459624
5B8459C1C97D26B0A110788EEF7899DFA30993B201D80B3A0A8EFCD8DCFA9A98	45029015
5BCFD2F5C81AF6324CB39F26C638566CEC29A20499EA657C1EC7F842AE8A9D61	57935843
5F2A6118DFBEFFA577D8B2596C7B2DA3A8E3A96A0B886C4ABA58C3BB44620768	28401995
62C7DA2A3488A33F1D351D02646E525EE9317700D3411C65C8309ED11E241989	1482859
631D05CE29E9F3078860AF36C9232DE8994F36E9422680674C93006648E10AD2	12563312
648B7996100B63E2312686D9576DF402D348C48A385FA37A78AA754186C34FE6	2995158
6AC836F974192A06F2783CEF40B45290B52CD5360D42B866502B6321A6F805B5	1208943
6B640BCAA08EFC049100A204DF4631DC699B3007DFD18077E24A717ECBA161E4	8646307
6D17E05AF510A9AE3FDF815F1F6C3D86D855D2F6E4E72EE5D1A52B6103536520	3014684
705FEF56CD8C0043B3120D1FCB1731F5E7CBD8C3C693E5D2427E12BCEE0224D7	12760850
70C6F775EE8B91468D5574448BB790FE504749B7608C8F9ED0D3678498263F5B	3816577
72FF3B3B0AFD94F7DB21762AFCE9E464D5E67A335F7082D7F7D74E2482ABA8FE	3765794
771BAB120D23A1FFE74A86CE540174DC4936ED114CC0859FC5168F3BB2B27256	2641365
79D2732A6855427677133EC029F786C477A98C3768B6F85853770C68BDDB95D1	13046766
7C87F2EA13F67AF260D0FE65318DEB610859BC42B870ACDF076E54710D85BE01	1511154
7D736B3A4B80C221E9BC19B661F9DDF834E729A537E2EF754568BAEF2ABAB829	23864932
7EBC40EC7C0B25A17BDF5517E9875D4459B5AC4C757105F03E21B8F9ADBECB12	2773654
8154B63E3E00CA22D208EBF0551857050545C1063C9B44AAB7C895C907300A2C	16281511
843A804DC2C9BF2DAEAFD46E5BC9C76A4EE4574368CDCDF497D0575575409589	1383725
8528D3824A0F922777A8780D70E3D069B0A9F86B344B2CE6C84C566998CCF03F	9671221
855826F75AC870EB322F93E0339CD41DE8A67F434250292B98C54C6F44E8BEC4	39648908
855DD97DC88446E54C74B6D95FF3CE345ED19E0C793C17098DBED811784FCA80	4569694
8C501E847CBCD3A40FF0F562616F0205D43DE49F71E8431934CE57A8D6BCAF4C	37347492
8E9D1611FF3667CCA86218223B551142E0F013E637CFBCA111F85C95AB3227BD	1240945
8F554C5AADBF17DE83FB7BBC73F35D9EE743567E6D35FFD6E490575022B364E7	10947754
8F8A145A93B4EEE78633AAFBA24A31E1DF15ED5C5D396E89AF373B1E7EA6A7AD	55478429
8FB0BB2B5490CAC8E312C595297CB9C2388ED836D79BBCE3ABB64039C03EE8A3	29724675
8FBE04F8FB574A1D10D08A0E4D06930BAD074F3A5DB46F846322AB6F8E2F921A	1197775
90C6D63E69185310648B105D14ED28C8767556EA89140E65395341F086137846	28901033
911721965A5874261D0AF14156C9EE140E13946A9AF402182F393F85BC2B25A0	22278674
91D60779CB9AADC127818552A80A519C15B92C691988634322AD1C567C55B567	47471193
947E16B0D869D0AD64103B90B59FBEC325485625B247EBF1F05B0484EA639188	23334879
9800E8E2ACBBF4E81209CD6EE7ADD0CB3A5C49BCE9EA2B65246F62F1DDC05B9C	2165146
99697101EF8C1633E5142D8D9FD3CC2D8D29277081EF43A4AF841541B0496165	12079124
9AC4BFB30787C1DE66279E21D9DFA43F096E006ACA050357F82E2E4647259E71	10617671
9B371BD3DDDF52C1A9D9AD452C6BEFEF1013429E243CE536C35028B7CA696076	80352600
9DE5BF5BCF64F08A7CC136B36C0507E09288C2549978A416AB8EA10F9C5CDEB5	28404204
9EB4B5B54A4A035610D0F6ABB04C547FB0335EAE16FB84754F257595EBD4156C	26778270
A175F07EF05C8B533288545DAFBC55877A4F224D7422C75929EBED6C4CF3ADF8	3021807
A2B14F579ABCA68EE0FDD6D2FE57FB4FBB7DAC2D518567F3B4DD6AF2859841F5	31541861
A36A182BE86500605D32EA07ED0DC4F7E33BC7FF666E948289DAF6D75EB27BA6	2668051
A45ACDB4E554F0FE1238FEE2D0C0DF1F345F2084997A5FD84FFD4DE2BC92A56C	16521330
A54DD5E73037CB56655233D9458829C3A5A44A8E79A4F8BA9BD6581CC0C040F1	12921490
AF132CD62410E694B92DA34401FA69009EC501E788E246B9FFA05A8C69637D8D	1435331
B0290E0825A2059230C85243C1A878EDEB2C7A83C5486EBE4D404DA856CD9048	32675285
B02D95C430E80DC2D35101D495DF474F72A133DAB1B2F43F7792035CFB442663	15674634
B1911CDE0016A0F985CD857AF0AC8D939E38081818DC33912774DEC6D5AD7A2A	24956718
B28CCD501531D52751C6F4BD36EB5FE62557B4DCF0BE66CDAB7BE26FC0DCB32E	15585967
B2FE47A43367E0CECBD55EDA070C0D43D265A910B8DAD646113E97DC103BF6CD	45290307
B36662CC6C7ABE2C822E6AE4115A0FF2572EAA1740BD3FC5B85266774C674AD4	872733
B3AC358FAF26F3808047C9716A246E9E5AF856BD39B2AE2AD5AADB47CE8E0D4D	13970341
B438F34BE921C0308140F4B0803AAE9C37E4E1ED1FA6C34AE6541EA61629AFF3	56272165
B518E5F947E45A704F418435D0C5E882DAEE53195DA029C426A55736AF3A6D6B	11519436
B572AC517CA5F5C464A82988543060F7E6298F08C9B08B15062FD9B62F66E6C9	21449740
B5ECF8561618DB32E2E09116341D60B6FC665F468D4DA1406AC2130EB3EC4E95	2243197
B8D8B060BBA60001AC734313FA2749F8A90512FD9CF6A2F17295A7BC54DF70F9	431844
B96D51610545CB116BF8A0564026E1198C7D075BB81B87548852B96D900F7EBF	1891685
B9F6214F86FB94E760FECD81EFA65E1A75C84EF5954A7F97A3E8D5070BAA792C	4142809
BA055FEB6E7068EF3C1DD797BDC627C3BEE2E81746301DB25950FB36E4A7CBA6	3924059
BA2EC73B267C9982356998A7742B48017291D5C86A561BC9A9333B4EFEE1E156	24915071
BBB7EC0D602A948367B1266F472585BD4825B1C46F0C729F837439F1B05D46F4	1170273
BFB61232E3F2730B4353E1F34A29034CD2C73C11CE0516D1477A8B16A56D1F6D	3100727
C02F8FD03D4C6CD8DA6ED62A12377B674E832708BFCBDCC7A954B38EA2773871	2443681
C1430EA86663BA7202B9D61A0C15203DDA2FE991A2B8E48BD8A61F5236002380	1792420
C2604F93B1540FA1D416EA683A9EE1CB1E5259F032F8D5A39333B059A0E3F493	2289919
C268F233B9F425C2D1D407C4DB02735DE76D365C2343AB4E4CFC9598119C293F	67150311
C3FA247F1FB85E04F774AE773F21EDBA06225F91D31ACF16BD718FCF1DA4291F	42921964
C5145C3E45CC92481EF386738AA2226DAFA537565B792E3A44432683AD1A9BD9	43317083
C74ECE69E8DDE3A80908C9CF3A076391FFB0D6768CFD7A3E9025C39DB4EF2EB7	11135704
C7F9F075496713D3D13E92B482F9B686DA4CC90C4212131DDD388000DA43EEAC	597450
C95566025D366D714A255A37BEBB6085F8594DFBA48498357580F361ACD62D61	21993625
C97A4AD45ED5E929A42D927706D8EBE2256D13B93B3887D6D5BB3424DC2C961F	2905842
CB779A2B8E3AB3A1C5E10E5399EE32227BC37F0AF0748E10F0EB5F2317C9BF34	43060860
CC31AAD07F566070A6145C5F02F681F2A199E01FFB020149FE26DC15B2C55236	1332017
CCEBC176EDD02B31DD969EC30606836CA33068E197C4559B71F51AEC8A4A5ABE	3372164
CF77FEA0AE1B1D426BBFB8E3FF43ED67369C2E94A115623AA8CD52F4E1F159ED	1759748
D0207BD75B36169E26830E06B00FB0D7E051EA25AEC5C2147B1A5C0A9105CB70	9741319
D29EE16B9A812E1AF620A5FD39161E57B1A12B300D86249F5ED0E8377D78BD49	1321354
D32CFB730AA2807156CBD8E413852C40AE5090F25067F5FEF7132B6D017E6783	22108080
D5C659CD8F82FA806AE014D2B9E8CFFBDFD519586214D30C01197C60F1CA1F4A	25828119
D7DD383B2C395A5F3B9502EE8041EBD64D56003FED2CD2D1B4995EC2CB420DE6	2786577
D85B711AAF73DD84C0CBE2B065451F80E872F05FE4B2412D3D9EAE18B6EDF3B5	3653085
D865C68209B7A7B3ED3E97B4997F103A32AC549810B70BB4DA39CD62570E3EDE	19492893
DA3D28F1F03DF74B80D28E13E76B6398ECC0B9840CFEAE5D1D18747FA6E72686	2576184
DD7B9566038CD6EB66249BBD53F85CB55474B76FE94B80F6EA26450825877F4C	28901033
DE7F89289C5F2C06BDC7319D4D2D2823BC3F2F17B01A34F51C13B2B82E19F95F	5284359
DF3936B73A9EE0C2FEFFA742B5D9387ECA70F709EDC46A2452BF6A3EABF45283	4426747
DF564621982BBCE8077CAFFB6C103D820FCBA412F659C68E3A419A93120ADFE7	1714894
E0078EFD272F438F4789F0CDCE70F3CEF9AA8ABAAE05159E3EEB674D53C9ACEA	1334661
E156CF2BAAFEC3F1F9B4A43BC26EE31DED12742D92255E91638705CA9AA31BF5	18990987
E33CE196D05295E2A28BD76CC7CD09AE82879FB1C253E113FD69A115C643E22A	1339079
E4AC64D4C955AF7AAB320AB2003D3066B05CAEAF4A13454224FA2CC24A13B080	1514265
E54AD8F94CCC4C299F8A5CAF72E9A56C1A8F654F30136279AB13DC2C01C4247B	73128500
E5AC1878D39D9A1A82943B8EDD1670EA56E057EF3840BA1F9B6CD0B3022A6C23	457734
E6C32C1741D1B114E2898E14489B9CCFC9C33C331CA42DD4DC969B0C6C29DEB6	2425946
E7A1060E33AAA93E24C516F2B6070203E60244B89CBB64FFDB489BA78D9FA8B5	1032669
E9ACFE2A2261F4BD3D9039CB7669845599C5A137B59DCB103852A2978854AC66	29372820
EB9AD3FF9204A6AAB5C7AFABB3479E9631D1D391AD345EAB7F53A7977AF0A236	2118357
F41CE319C1BBDB89370C8917666A89F8185BFBAB97F621503908EF76F438DD03	15521430
F4E8E4F1CF9DD3323EAF73B5C05ED61302C4C871A92B0D63BF0CC8BE33E15730	2805581
F510D348E4214635167689EF07AF9B466A58D4728DCFE8D8BB992693DBDE9949	43659151
F631E1B312761A3A058C8E3ADAED02F64C3F3B8A19BDAFA7E5382FF905DAB12C	438145
F7E5699B0D6E4255E970F9CB507D0E94F9AB72F0D4F068635E7B7FEAC6FFE35F	23735387
F860F306E1980BE599F22552AA0E801D046FB399E9C3DB01480071582E828A06	8197231
FC2A483149000A077B573834BBAF8371C440C0F4645C7A468DCDF8877821CD56	1035416
FC5C14249806432C89B61A0028726BD9C995811E6447C95FF7004B88B9CE0288	18569383
FC9F1E98B46738AB8410BCD438A190358E003E437722B9DEF317877883226AF3	973142
FD6598C9A39BE6461A279ED524304D55974AC600080258C44A88B5E5E2606D44	39043512
FDFE9A359B596E19C0BFC3ADBBB4180D55CE3B95FA15297A4DD4F26C80E639FA	2901961
FE17B6245AB18B4AA4C16C29BE5F7915D9A43ADC7538EEDC6E023F974BE5B29E	1333180
FEA70FEBCDD218F52950643CD0A91EAF380B534E585BFEF63BB15829960869EC	2607326
FEC07E7B5230F5C8EDC65CF0BFCD227BFFB05A3B6F53B299223A0A91C0864773	8306244
5BFB68868F9BAF0EB226CDE72EFB469D29BA8BD6B88B0D0CE7FAD88834761B13	2324381
7E03CAC5EFC018BBB2AF222AB96FD231C49A9FCC26471DFBB5F28FDED70B5FA0	184269571
D4A50E900C0B2412976E2F9D20F51EFCB31CB05AA598629DF883B80BA522ACD0	146410903
3364452CBB7909976770B22524183FA5303C36A85CEAB0A7E786A1DED909DA62	53134182
C3DBA254DDE256DA08C4B57D3215A02C9EDDC27C456E122FB40452F7187073D0	9186619
721699D34019A7332A2F21E12029D091792B8558A13C48618F166AD51B59E2BD	21542252
030BD5D56D8D2BD47883E3DAB0B8682EF742E675437386FB247FA2F72CDE5B59	22404832
046854A7C794D5EBEA0F9BB50071A8E886F2C07D901924FE53885C7BC3934A84	22172452
04BC7789B4D37B6452F1EA61AE9EA688C8775240AF001BA3F20381F825312536	34282706
04C358AD210F351CDD555490919FBA2B924B50AD29317BFFE5F27060A46B785E	76573893
0A9649681016104CC59C6B3D99FA6083492A3991B86DB802438A20DC43E79E34	111255975
0B62456491A7901A367000A9880E50E851BCEBBD7E5CB6473E1DA26F586B10C2	55491895
113CBA24B7B694B5211AFB53A297AA61B902A2C5C2CC5BED93433C8ECBD16EC1	106897233
127DC5EC0FFEB036635DFB6C6E4C9977BAE47DBFC6A6C7F7F91C5968FC1C6EDC	100888023
134821300E0793E2BA3B2F443CFD524346930AD4C23E081B2FD0429EE899D3CB	25419010
136EF7D0FDAA19EBBD1D2518851E18DC187DE459B490AA95265123B5CDC91EFA	105448702
13C9E884072D85F33A0D29DF4D6CB7FBBB0A626B7404D3D964C68E1227C97AE4	103019922
14AA25198EF2129A700942B80A49C687BF0F0738664AC3F2AE86564464D70973	146278994
16FA676AEBC0939DD3D6FDD4E845696091504C94B8E0CD58850332251A84BD97	22048695
18BE4319339D9AA25441994E34CAFCBB2E8986D4BCADD77794F49FD73DFFDC04	29436679
1A96C7EAF8CFF80830624F2D1C4D73D6264BA4A2DB57483A6C7CEEF91941F81C	32074569
1C59B16CC335EF260D8C05C11A62198CAE062172891220BDD3C4843444EFD74F	83440471
1F5D30E33D3B734B68D3AC14C29D685AB5C8F1E260BE7E347CF1F96BE429ACBB	93169223
2526FBA919AC2F884301645BA01357E95654F813178A5A7910F79E99A7907D10	123064807
27641B6838387DA91C924BA1174945A28AE60EBA7730F9278C1DEB305CF50C71	95063609
29ABD35C2476E481A75483B4BC67A5EC3803EDF90C8458D6A11D1B659BDE9836	117252654
2BA87368233B8AB4F147FAD9215694BAC985F7B7C99AB00CFC081FA1CA07C627	138274521
2C77279B8CAA87EEB8B3BE4A1402CC63B7A6CEBD5AF54F063950D86F2D05AB5B	21057585
2EE18AC88D95A2A1371E027109ABBB625260E7C729BB93E58116A69C9587D8B8	27962853
2FAB74CD4A17487667B9F201470F68F5D14B43C2175ACC5BEBA3E78C9B51D720	25352265
3037ABF33642FFC54A6176958A4FA8C99E34DD45D9580E9311EF2203F430D96C	103268061
3278B3148C89DB751F97A125CEF533481CDA9D1DF4504101949F22BFC76732FA	51856313
337552B74096E8471C9361855AF85210E3B4E78F5D3A2F4BB4A839CB24540AB6	27521361
3F4FEE23452A887F4AB1D160C66589FDC755BA53682BAA2AA827E256BAE8F377	115233022
40F3DEB9AE66D2A5553871DB291AAC40003899C1867C85983C3FA43879E3049E	103903063
443D881B34C2B8124ACDCF45DB75E1B19FD404536221567A88D50AEEC5FD6F50	31120942
498A8BE47EC0BD8AEAEC80BC11B4488CB952AE6FFE81F977FF828BBBB18DA4CB	84626434
4A967E1EB134799605B291CA51646C48DED5BD8E88AADAFCB3D5754B284A92E1	128490597
4B6C088EDEFCFE894DF8CA6641EB1B021254D4D5B2BE28AF9D41E45942DE20AB	19329592
4D3EEC76D99D3663B681A9790EB537BF4F7EFB8D5990A8E85722A58D3CC9FE2E	41877973
4DE2FD9E5F981C2393CB237A9E4729FF0147D709C5E95F61DF0DB905C9892F77	12837805
5659B0B2D903F5FD019F242FB15DC9EC652D7410AFC51A48DA5CF80044074628	28550599
57A48B1CE052A294D077F8B48FF9AD1DF1A6384298FD8397FD060126CFDF8BC2	25622791
598ED48D11C5827AC977DCD3B54498368DF5A1AFBF2873A04D7DC0B47FC1BCE1	70965478
5E6077DDAE91F1A871AECB24A38A4AD1A83EA8D80F2331744440EF9A6CBB1EB6	102633199
5EB1E3A55F66BE5688A8D51CC980D59C152B9816C8C67FF2CE8754BB8A6D9F81	102188481
66F7D2A304B837F59B2C3617C077E2B73FE7388C73A88F84497E4B691574D94E	93301484
7787C75FA8C6568DBE422B6018777AEA6878A081DAF6293F5BD18FCD73C12A87	130523710
8126AB9F7D0942E7DD0281AC5D5D9578BA7DF7576F9CDCFED520DABA86C530CC	33360284
835B8FA7F2019E3FE4FB7DF8B25B6E53A43E020BA1438E78D84CEB7C42D86739	21430383
8CDBEEAC27F05301380C5E5E6515F38687F61B4C8906990488CC581D397221B4	106974421
8DB44906F0ED363B173B27CFAAFAB477FB3DDE3272068DD566C11DB40157672A	95199760
8DF0F00F133109DD2855867116E66B8D22D0C7994F564F870205F873DD4A7C97	120174726
8F89D0650E7A7F6DB82D3811BD32F0717F784DEA66637994139E229C97E7FDD9	98036392
92C535AB3C18C2BE1A9C0D5732D52837A851BC29136288D5FFF8858A9450CF3C	23818051
9344A4227223C3E48768CB4AECADFA794310056CD1B85B23802B9526F67BAF12	95226142
9AE4966C44FCB0E83BC870CBDBD9765953F8C9D7D26F494B1647FD81908964A3	42521404
A2CFF2296A8EBB3CBEC782F41308C0026821051F6D8EEC5973814B3AC070EAE3	28084787
A89FBBEB03548708E1AE849FC07E7A261A3DDDD000498618426971DDA44334FB	70588107
A903DFF8A2D97299630BD6D3D540EDFA4FEDFDA6E16514FE24E7B6D71AC88301	28706888
AB3E2493CADE3A8FDD3FBB5B92C18F80067E76407CAD8957070DE1A615EFA2F4	144440388
AE8728B3DC0FB93046AD57F1D25687875E590E110C538B22F59EFAFCA634EBD0	23487967
AECF774B9BCD9A6831593A12CE3057672D90083C363B190C0502BC5FC4FD2598	31044951
B46FEF7A304F1EEE53865CF781F39A4C19F0D28F6CE64DDC5E001F8B1A9B2F43	123170366
B47E506AAA55ED18BCD19FFE0E549BEFA15FB3E73E285EF9451BE5178DCE58B8	105584563
B529C375C8E282018E559241EDF55449934405C9A7CC7C3078EC46947EEB8721	27619881
B7E01478F9F13998F9EA47C0F98E6BF36BB15A6879F1973983B6D17C21785C56	14689454
B810FFCB6D7FF4C6EDF2E355D8B79689BDD878F286829D26E4B94AA339B38FE5	20986412
B811059702310049E643017C73FAB98EDD9E77BB8E7B08169D58F9C01B6848AF	19529405
BC1C7B8D52A4F79B37F74851706C0CAC27FD7910D4F279B538B5972906BB819E	118120437
C02DD346E79AE9910C5073CC7D9C79CADA407BCB2F29FA7008F29B0D6F176F10	102390601
C30B5FF0D3D5FF17A4FF9596D29E5CF81C8BB4F112D3436642D03102AB12E9F5	50957665
C34318D70346406D7A1299B71CBB50D5D2C465F5CFEAD10383CB4EECC1450D61	29096296
C3D2577DBE675588B3CBC32696B65E2914419F4309674B9FFACBA834A26EBDD2	38537180
C4BA5B04D3C18C2853CE9DD910AC09A66788F01168539669CC2D55E6A23D3373	129235806
C770426FB9C432EF575EFC5EDED783CEAADFC9ABB289803C6232DADA9F2160F2	13945256
C957D73A2B79A66B087F239103836D53808D3DD9DAF674F816048A5DD1ABA79A	18099091
CE9F0E37E984E4E10256A577B8AF6AEAA2AA694BF62A17EB0512B3E955D4AC27	25326440
D071EBC3C4F971ACFFD275E6879207D49A200AA13023A2CF318EE82DFFB1906B	93678882
D11451A491463543BD66283DB65A51AA33929AE2FE8021E98079E9BE7CA4EFCE	31635157
D16B88D3548CE04EF872844720595689720B854A6063BC636380FB2CAFA13432	106015378
D1BF46AB4941879E6330155B62B5D6EE6F76074AF6C9294A68BE7F016647BB21	32690129
D42A62D4DDB21AE0C30A8B651C0BA71AD536281CDA520719CC7E9B1697755663	116791017
D42A962A0E25953422E01DDDAC5ABA74E4A27DCA612379D908372F65012D1B7A	170402024
D9A679DEFBFC1109A47962709D6296C79969FA7B9AD22A3328FEA50132F3B22A	118329250
DB723E7011C7267A77C531FBFBBB5CD1A65B122D6D2FDE72E1E355E917CAE45B	153808595
DDA6369D54BA02F4B70FB22E8D7AB91168AAFFF450339C36392147325B4B4BB4	31086935
E0ED00EEA5091CE81486DC58021CBD7C28723FD31AE8AC41509416D852D5D580	109752540
E1B18090AECD0FF6DB363D64AF96355B251640EFCD9AC093CAC89C88536732B3	120706535
E741FEAA84643FBF6DB17BA919824B068E60AD3C6501902C9DB435260B822FA7	112434777
EA073E311388093C3B4DF0935CA0EB665D7AE8CE13B7338620A421945DA85B41	104717842
EA35EAA68E4D3F04607CF2C9A4D44E1AC5741BC3FB32004CDAE3AFCBC26DB69F	139977595
EA6A5570A494E4C24421EDCF14F91C076F08C0FD967F2C8ACB5970DAE88CFFEE	115990578
EEC8939ED61DBA6A1A0D3B373CF8CBB8DBFEAE8EEB90309FB7AA2285082EFD6F	107512737
EFAE660F150CDF31D6C77BEAD1B3F64FD59389ECADF18E724544031514D97883	26424459
F00F1EBD4EAFDA00A5A3FB2361D001CF7184A09EFD29E5A9C864B7B520DAF2C5	17347288
F0803A7D72A38AC419369B1CAF15925545A2221DFA550792EA55FED6E6EE2F11	30740632
F23A6CF73A8E74ACB9760125B3722106B8EC72EF9D38B332475DCFAF94676A92	10742468
F6244D8886F36D087D396930156AFCB8C3A7847AF1DAE3B85B75C925CCECD279	27427848
FF17B79D0396F07838BAEA283B8CF5834F1DA60CC96D25A7AA7A7B1CAF9D948E	106215441
2DD93EAD0A4A8648867F180D7E3AC3126A75410BE41A51BEBB2EAE82CB82B03E	9253236
2FA02315C8813C404C68B48B82C5F3961E10C6CEF981C87EB5C00F89E408DC17	23500164
566D86D4472028BB7E82BC70BC55AE5EA830602784B8EFDFE48AA9029103B79F	272048540
84C765BB0C8527A51A38818BDE4AACA239270BA343AFB7ADC1C8FD897410BA0E	45967231
9543A387849700F03BF79833E084172DE9EE71951E36632E3841705BDADDC599	103269008
DA7F52BD2FE2EC262EFC906CE451BAFB2EFF9DFECA3B27B3C21674035C5595AA	104372920
DDDF6E8E99CA1079657167017622A56616F7C0163BDB82E58931933273EE7793	32652196
F31A2AE21E7DD569FFB22A6841EEE0C3E875FE23453EF7FC0A439B18BCBA35D9	51108393
1C0F58701DC24792084527B8BA6654E9B72092579997625A2EF6E64AB187710F	4356501
8978B6819BE3FE4DF38EED4177178C8D2FA29D5A6E12B836EFA5A06F21AADEE9	6036039
D3E69CC255992B40D1A5F54C460E08155C897DE8C64AF44A5EA68E445431840E	10916539
FD9B0C388EDE8DC12AE8C9777087348A48F00F7A363FFBB51B2D451844755943	36937733
02340DFFB0F2B9121A54D32798BA867D1412CDA706506E99A79FB034F82EF61E	5389675
9A913728DD4EC16D31876822FF264A51A481B1430BA303776A13D3227DAA6577	68440536
0571FD411CCFA5535109438E6702D916BF63DC70D9DDA83A10A1D0CC7802EEDB	215501446
0588F27C9DBB30516879DBBAC1AD92C857688F2F97353B88CD3CED4D792F09B5	244324491
060919B378469BC0D840B2059A928895EF1C04F34EBF31DF64DAA9EAE81014FC	123529572
0618B1F2A9055540512C489D32347EDF392E56505241410D41BE9D1B27FB2028	248340730
0788E8EABD4DB178CEB1AB5BEA6BD48710987E8A755BFEAB8C8DBBE865C20686	513524290
0F33BE1503466E91571D996A88514F4D9187109F0D978DDBAB8163DA4B375772	269409329
10F6561D93A29AB7E6139B1012D9AB0DBA01437647DD43013403CA3A6E05F553	207269627
1B10C0E9FC8C3A7779D287F915DB1FF824D70695B2377FEEE843BD0DA2234C7A	204877917
1BDE4EF8E3DE37742D2F4DA987526129079AF6D7ABD74C9C921D27716C3F9BD6	213325121
1C6EE10757BDA65835DF645766048F80086252E4BB044581D8D51AE8B7B38A9B	233098227
2287CCB0CB6F29C32D44FDD848D6DE87889D46F4AD46D6AA3D4E1C0B3DBB6B58	187368112
28C192E3DAD3E4984D101BC1B90E0FC66FD29A68073EA04EA10507310F86911C	245397488
2B8EBAC2C8E14D642A7D3CD17BA2EB3FFC6EDA2712ABFABE99275EE703F75AE4	198459140
2E7616B24E76E4B2EA46C7A56C4F5B347094C55ECFEF9CC9A7A9598186226FB8	247149645
2EFC4953AD9AE5FC54A37A5039A16183FC2E76937421A5EB103AC11A61FB4761	227515003
32139D9CE8FFC2927921075A43DDD163A38F77168F6C3E09A801D0043B5A75B3	195403883
37183A20BFE8DDE200C4E85A7C46CA363009330DE63EC3FE9DD29A03E48A677F	263404968
3E33841771A383087CA5EE62CD27EC63ECB9FABAAFD53330F97169B01CA5F2A0	229995110
3F3EAF8657C53AC455BA4E0E0D9566FE88B0D3413D10ACD30987D4F0759D0B03	159569788
401487031E9DDBB04531561AE3756173DD1DB6DB7A371772AAB8E4B6D781AF1E	113474375
46BD2616E90412EF4E174979C539CE4438CD2A24C2D05F9B501ADA993463FFCA	274498203
4BD42603AA05EB9952262D0168B13F730036808F20BD41643A4B92C1935AD24F	172180481
4CA2ABBE1F6196406BBCE83C6F1C18A0388D57BE5B8918471EE27A2451B16A52	293200344
4CDC04C13A31387C6BF7781D83057C941A706069BFB2ADA9EDFFC7FC328FCEC8	173486591
4F3153E38E4BC90BC604ACC0C2292C19EDBE5EC529C2AF1BA20884B63D7B99DF	255624906
5F9DF79F5BAB78B386DB013422B87C9BFF913A3AADCB78225D685218005F77E1	238305732
5FB27C862EFFE1F432B03BDC3C5C2F3E90F8C746BB805208B65A8192FF6C5BA1	550470307
61539FF60EF478676A3E11819529950F9685FE278436FCD7D0DB9EF96AEFEBC9	213817693
72617851F2283BC13D0FB330661DC815FEF5169F63FEC97C8CAB6EDEB0AC52D2	201769695
77CBFBD20AC31E1FCEB03AFB7C77CCA302F983E20F8775DDB29E623897E5BEEF	307851039
7C8F0CAE7E37E0F006AA46405A33796472DC0DE4F037E4A312AAB7D33375EFDC	201520118
8B705FFB018F34557C0B73E2031E43EA0CABBF3EE9A4215B9EA94D7DD0417D63	315661632
8C858A9099A9CD20422AF0B42FCEFE143E6CE20F111F135FB482B663B8A5DC61	223583491
93EBE318D5C11A130F4E175C560A562FD3ED941C70FD943BB0FA174061788190	346681446
953D76905A259D145767D5ED5E6820C1127B22109DC631B53FDD79F57AB20440	228594011
99C3BC615E5DBD08808585A29D681A8C0F0F5A930449B1D55EC908183A22F634	220653854
A32651D89F2904F88F08504974521B5C711DD8AB1ABB699D67E8295FAA540593	57363271
A6E46CF883F465FE2CC0E16BA244B507BDA856DA2BFB8F5CFA2A1195B7AAE6F8	310326717
AA57DAD57597047CC87775BA97F41CD759CCC7A20D8EEFC5F70699FDF236CC82	219016744
AB181F19EE17423652F5D75B4ED81C466488A51798068664A494F21722631B38	175430003
AB27545CFA3F32D735C82584E79731EA43ED6BA7AFBCA5DA8E28D678AC6FD195	231858658
AF78BFF64180C54CBEBA954BE7C1BBFF8285774EE805E9A46C0EF9AA3D02A49E	286162615
B18C247657762867EA93704D9C8BA6E8A2F49D22640F33113666C8B9F0F1D0C1	492451499
B821A265B319CEEBF5F40CB853437EB96C4403E008E440C873E25D13AA793ACC	265485997
B8732609D58030DFE9024A5D27004200B1766823F9A5F9D83B687E6FBBC87C90	203143203
BC1BD6CE2C3513AA9B974F094E049BC0677CF24CC22723BCF45A82B8B495A8B3	332608316
BD58A45510941B74446AB2DA6D80D6F6DFFD6941468819513CFF6D8C96DAC97D	244110934
C742813D57A12DB861F02F1C5199AED84D4280D7AA51CA154C91F21C5B482609	100603344
CDF1395D8E5FFAF73A515F5E47BC68920F1CA2BA58B014FAB909F13E661BA7E2	184926042
D1784E5B5D0684A6B72663DC784B0EB87ECE17B05A9512B5300FC14B9FC37ACD	337552460
DD0E59E7C7DDB81A19FC41C34039F87AED67E43D84B5F555DA0DA3DDEB43B21C	304496261
DEAC4BAD8783CC57AB1C44DE2315AA79D09083BD5AC8A8A67248386E5AB36F18	196762833
E0F65AA516C3A84EA729889270B4A6EE91286C0B3A1DF5FA452CDF2891134BC4	310328873
E1FC870019228394C293140BD0D061946C09114E3125E8BAEEE829450A5143E4	549999473
E2260138855A7E3669FDB32E9448F8DF2F6431EEA041E4233A7BE1E58C966BD4	201085477
E6C79878E31DA91BB7FBEEC71A3069AC300851F06381A13F77CD623C0C927AB4	297206535
EEB3A2D19AC6E8A327E94BD9F5449BACC63CC8A0A441B010AB8AB0FBB4C47EB1	169211782
EF5E5BC25728E14571110F9E6079453736182A73459213A245FD89E3FE85A755	414718189
F67728024EDB2535FEE3BC0C2B295556CA423ED6246E7CDD09CC28732F444312	196508086
F86BBCCF1D294136F7248FA04E43AD0C7144E8178083AA1C68B24B28B42F9969	75281985
FEBB7BA5BAD06A3AADD206EEC777568D02D26AF7BCC166D6DC69FFAC06FFED81	436480108
FFC149311A540302F1ADC8CC250E57E59E6F14B9A726BC6F6E30D9FC96DFF962	207895141
