F1252D33B60F7E9F346A730FC86144361FA275BE11051678E74E5030B25D723C	0.0165765464832
F18ED9DA5608E07C7F374AA6B581521B916BEF3935E37370B0342D5CF9E73F43	0.0255543822598
F1B9EDC5875C224BCEF000E73E53455C3C49FA657DB1090F96B03609DE6672DC	0.0093082455414
F1C67DE227707C0A9765159DE8AB58784CC43C76D2204D40D4027D7AAE9294BE	0.0145419714385
F1D2AFDA58BB6625790F5DE0F6CB2EE904531077676B408A22294FBEC03A3043	0.0128831371023
F1FD145142BB59663208292F639030A9002FEF8FCBF65AADC414E7CEB0C175A0	0.0186196245622
F210871A67DF9A28094AEEECC8EA818050F154BD00898164EB3CA83B945EC440	0.0217304002499
F2473A930E3F89DB3960605C9F0833C60F2BEDD9B8F30353FE109446EA7A6012	0.0183904369728
F322813A50D0493CD41313DA08C9ABD826C97E27BF5EDBBCC297B3AFEC3AAC1F	0.0106689162366
F3A95D5D42E697051353F58CEA118E3D22964D2167841ED46A4E2FAE22F5637A	0.581314878893
F3F238A12B9ADCD8E5D4BD6DD2DF5764DC4E461F133D4455FF90458B3B16E94A	0.00640919387811
F4AE9401C8A3402ACF591F48B38C53BB95F1D19F376079F1D43283121B112CC4	0.00562646141855
F4BF530307046696AB7FC29D7C6A340465408831E81AF64945ECA17FD4B493CA	0.0993423065158
F6112901DED9392C3552F00BACBE5E875B82B2EB1BCEC915306D9A4A551A87E2	0.0225296693533
F66A629B3D3F4A4BBEE836E8D8B40ED21D9BF22C4451374B14E7CF382FF60192	0.00463039982255
F736FBDA5C918291EFF07FD0D39D8E4CD5279DD62FB61D12DC6A089FE1E1F5E5	0.0558305830583
F738449FC5DD8C2E0741F82F4D43EC9573717703379E751EA2B370C413B39FF6	0.00981483492615
F767742F07EDE9B36D4691CEBDF9E1BD78FD778025A1FE2A5A51B80ADA340D59	0.100285242456
F7D23D3C0ABAA472B7A3CFE3E12858B40A3F34C719DD7B8BF9D24391B74696A4	0.0118115772205
F8202E44E8445BDE4D278EB55161098DEF26DBC1D1843F5F4F28F6385188E5BE	0.0125080871253
F9261E98F9F61A9DD678486D018F059B7E7AE5795F59982F94816843A8600934	0.00844712943012
F93C0CAE86A68CACB466CABF386DB1B0100A34859B20DCEA2A673DA031285277	0.0102791713051
F9451AD5071752FE5F2D0592C932FD1BE4B0FB3874F420CEC2E78D77455FF18C	0.00946301033696
B5A472C713056A63196F8BC24EB3E7D4E7C0FE3AB5FDCD724E29FFFC44C57279	0.0088687215981
B682FA8182C24C3969AC7101056FDC7F095F819259C2A70CC8EE32D3A0325336	0.0255891830416
B7576751CFC2C905E0F88FF720814D4C6411B0DCF83DFE94BF9A261024EFF5DA	0.0277574872169
B79A8896DBAF0A7511F8B0145E4D742EAC7EC69DF750FFF318B0C5A97A08116D	0.0120459339114
B7AAFE56EAA808D9297C5515FE487893CBFFBC3A8C87609276D4DD85B2811587	0.00795105348014
B8C3426228C21120E0A7C83A9A576FBCFEDA2DFF2887679B84B46DDB601BD751	0.021522324755
B9AF22CB6FA1760FF878ED4A6601933B4B31603878C547B6E62B15DA1F55A393	0.00378047525975
B9C5928AA2469B0C16680D340EB7A1201190A8F81224BFC452A610DAC424D0DF	0.00929049924209
B9E5F4655D591918BE71AFB5D6ADB055D110761F50C877131022D0733904347B	0.018468816813
B9F393AB7C2B4C55BEDDF805A7015E83A78B882F7D3F84707FEEE09EB00F5B56	0.0111240046417
BA4066DE2F6A8D21835AC174AB6317F6F086E8EAD80ECA09922BDAC1867BBB97	0.0233641561375
BA66F9FFB2FB3D03F0708106C0952B630C62CE5EA9A4E3812AF7A12298EBB49F	0.0344002016129
BAFD82D6FDAB0996DC22E067EA8BAEBBC1050154CD6DB338EDC132158D60681E	0.0158440219881
BB298564061F31D60FA98D9955D82D2547B6DDF9EEAE428B781AFBB56FBE7619	0.00851966594828
BBE5FC2ED2A0FF15B0D59E7C325AB41BB789329486844FD6EF1F52C2CD803EF9	0.0071073831766
BBF4D580ADFA0CB670264FDF3782C2D331D109BAF7BC04A9AD116E058D9B871F	0.0205389758081
BBFF375FF21A207EF092A6C62C11FB5F06F94B4E09E0BB6B34FA009D513A354D	0.0460179324895
BC99DCAF61BC2B3C211D93175C33C336DE88799747FE3B3E1EB61B7157945CFC	0.00745766314745
BD728772FD884D3C91AC6E2CCD081BA6C3B044EA1E3A29CE9D399B840F2863C0	0.021750676084
BE94EA2DF5C6DBDA0B5AB2AA496A50D8D766CE166482849C65B7D22339C489A7	0.0218338543147
C0144C12883FC4A7539FF95FD48FC720323763428953827312B7635466E2C5DA	0.132444444444
C0BE10FC8109785918CBBD66E8FE39F6B3BDEB6D4139FD6A54181A6E260CB06B	0.0145578720345
C0E98FF30C36FEFB95B8C00CE3107E916B6C7FBE343C768AEE9B09A20B55741A	0.0290148919807
C0FDD7D1205FC1093F4C78123C5479B2D2E74328BCD37484DBD79084CC7BC33D	0.0196877879863
C183064011F026905E0387BC3469D6694BA8BE130F51077821D5C22CA835EE08	0.0170664949284
C1BBFA1D615DE2F1088F0EA1E34A466C6A83D02B18E921C4BD9D3D6C26B261C4	0.00752270743169
C30CCDD945828BB91A7EDB195B1278CCBB86365E7C851BEC98B267F934E87C4D	0.00942025767735
C3F8A002DE8CD253252E0C0882E3CC8B379BDE4AA07719E6F1A4E2475BE5C1D9	0.00788297440065
C40287F96365189CE851626A8BBA0980257D06B8FB3C2CD91FD180946F5FE2F0	0.00579088268241
C40B9269C0BAD7A5FF2F333D522ACB25CA78A2B2E121574D9258C4E5E40E9916	0.141829865361
C433620B72516CD2587D6B27D3DEBC9658D5B471394218ECA5F2754333E301FE	0.0268311195446
69E17C0AFD4FF43B096DCCCEA6E4B1224BCABC9743F2AE6E1FFC0AC14B0F5DE0	0.0152084386966
6A5C768532C0E32CA861BE593A5523CE99D656B58BC5FE256640151A58CDA998	0.0120470543771
6B1505EA86129C774B4D934CBCBA09A31F6D6966EE99AC114A1DE644815A7869	0.00587012351718
6B959AC4674996E828AA6B6E72577B69FE75ED4CC400405192BBE442E0EFB68F	0.275362318841
6BC3242DDC62B0813836338AB9930BFCE5408A3D12A8F8B9502A22A0D6D8EAB1	0.0096175762948
6BD1CFC9B2F35607678BDA72CD5FAB431FE68FC5A6EE0A05EB346C1A366B8CF7	0.00474673255738
6BDE9206454C688E9226A23AFE2982E9CE67C4752194D40E90255B9B0FB208C5	0.0805322128852
6C3927C1B8C9012F02DCDE425D7D00FB30860E253AE33FA37855EDA91547BA0D	0.0148647900664
6C57C805A42420B431A69CF6C3D7B06D80C51653AB9A4A471392B0E97375D290	0.00979008241883
6C91703C86E1837DD435F21C7F6550F4C8C7517B1811A5892FDADAE2BAC9374D	0.0180950966928
6CBD05DD414FC8634F7D7918152046FA6EF95351DAE239CAD4332E6AD5DA4EE9	0.014165206711
6D59AFF370D4A72D5D00CAB937BD363F3E880955E50323EC88E72F83240D0C14	0.0161366498741
6DA2E16B0D9ABC46A3F0D001564ED5DC5FB7CCE3CD795641448560F7E2595003	0.0118669673549
6DE5B9B6525B924F9EDD347DC05D0DF3298B7D78530D42E1C93E6D1A39E5AD71	0.0360605817774
6EF60A1BDF9B25355D3D31B6B71E64ACBFF5B4107ED402CE14EAE980C5B98A8B	0.00735617978267
6F18C07E3AB726FA9F34733D9C16C1A3031734D044FA3E43D77DF79B7D7ED2F9	0.0185109219567
7024898C514296452D3FBBF2672134189B7492B6D687EB653A296A15D51D769F	0.00624045103398
70792BF5FFB05596C1B69D446591184696E25F93F9793066AB64BB3C0633B9EB	0.0145232638704
70D749FC6014C95A3ECDBDDE26B980D9A093C8E4BB6311BE71A93FD6E47C010B	0.0099582438716
714004980F61612D2D0CBE53509207DFDEF0887FD1D76131BEF9592BBAA15CEE	0.019825436409
71B8F4249218FFC5A22E44DA559B5B77CBA7B0A81E865543FE291E5ED8AE3984	0.0039953271028
72393A91185D9D91F4DCE32B509664D20F068F6F171144C8886E319642A3857B	0.0145478653541
7257ACE73BCDE6420039DCF389F94A3A16B68D437930ED06E49A9EF027FB00C2	0.0163207017902
72688A1177491E218C09F77C7E0ED59A655214271D216363A1D28416A87B1A15	0.00268584153535
730B4CE8098928D7049735C57F8FEC15F1B16FFC938B7DEAD46E14F4A8DFF121	0.0103807075529
73A52CC0711F8E8560AC8874FC1278B0D75553B998682A49E82D95E7A9CCE504	0.0394011873745
73E5638812D79C9D24B8D026D212D9A738B74E2C7EC1E84F895018DA7CD80308	0.00451436118832
745A94E642120EF1F3F35C6E9DE53283B0EF52E2D0B4D46C1001D6FFCF357ECC	0.0240807498198
75BDF183D4F9BA77C0154B4C001E567855BCDFFFB1DF5EE8E4972DE3819EB0FD	0.122265230562
760150A4FE33597FAEB5FD370E77144D8DAC9D1353CDDEF2190D6C9180E13A52	0.00905246313864
768372B82979C70D421064D420527039829BEFFEA12BB00A158698BF915A976F	0.00810211031711
771686BADDE70E536B9132FE9C76BDF16DA35BB228544722763D0C55DC35F5AE	0.00310004590562
7765AE63DB513E6BB3354A70B1C40C0B23A0CC25CEA2A1C0F956F07F9D173F0F	0.00999880895665
77A75080ECF519739CA1260F457C3D129F1AD974E19FEA279359A7A27D08D4E8	0.580756013746
7815012ABD3A7E05BEA5ACCE9AA818A277D3FBC9A44E9E57B52B63AECC1E69CA	0.0125030481722
781E78BB872DD6A81C26E70418C595053F89856F18649F63891D3AECA23B9129	0.0125110913931
783669CF9DF12C331ADA06F12A8E5D491C29A32F7FF2BA8C97E16CFAB14C95F7	0.0110890327543
A7FE308C84BE201AD232C84BEDDA1419CDC1EED4552EFD41C3026D6D44C77C0D	0.0391456692035
A8633C2504446D6CDC8CF8EAEE56DADB29012E2AC103866DC7EE546D1625323F	0.0289407136836
A9C2CA65E548F39CF98473FA07A4FD98453ECB059BC025B394547498BCFFA80F	0.0304895924949
AA7E3C3E127B59E3F28C81803DFE18CDC90121FA5D9260431C0B4C59C50C6C90	0.0109407200873
AA8E8B94984CA354B57FA7AC20CF04597D3DAFE5407CDE8DE851CB6E7E39A000	0.019439218848
AABDAEE34699746669F45545E4271478763864B221769CDFBD2ED4F27F186C7D	0.00888390143545
AB9E57AF61426F7A0CFFAAC8299A16CA0F1B4E46FD1957B490D1A43BBB6EF6AD	0.006774584611
ABA615B2C03FC65E72226EEAC7003283A0128B0A6D7D0F602830A28A351F624A	0.0062860136197
AC2B3AB55C9AD98787886C22E3E18B403D7DB447F9B8F3FB9C522065F46B6163	0.00636476163272
AC7C27FA342A4141250BADF6FD8C988C5A51DB013BDE53A1D5A06A4E08C4C359	0.080547437451
AD2248B3ACB0B7388AA547FC6F7B6FDEDE8A71BB4E5C295714158F47EB9E105A	0.0575539568345
AD2286CE369F73CBE901D6F16944F840E8C13B397E14C019617295856F574E77	0.00605964592657
AE2CC9E7CCA1F90B542FE1D54CBD17EFC830BFC4C2A41D032533ED727211124F	0.0125899280576
AE53693D04D475221F258127532FCF7C8821DD55E4149D1FC78722CB210709B7	0.0209944751381
AEDAE705B8D5BE68E77F8DD8EC15B95F7E50A2E83633A64AEB9B42BF38AAD0AD	0.0312288993923
AF1DEA29FE661EED75F64574A04388701DCE618304ECBA8704AC2F23C14FE1F4	0.0139231868989
AF200B81B2499A008D11C3F43718EFD6D36F1DFC86BFA11F96F3FAAD9D6CE48B	0.0298267326733
AF42D4ADE8F9F33468256BF2067A6B21938692CCD636BFC5DB2F22B8F6F62634	0.00843111209505
AF589D1257FA41E2DD39062FF4761D6759BE82DB0A0C061AC3B74CF4144B2D5B	0.00676191018271
B03746731793FBE503EAB1446223B6303EB5511954953541A206C6E6133E92FD	0.0121591614536
B08C0E4BCF696D57E307259907CAA45E669001BF619966537AA43CF3C4187846	0.0109056447656
B09470278FB5C65652E72D0DD7C7C8BA27A0DC0E52E34248B42CE1075DE39BC6	0.0198513388459
B0F214F442184E17F574993F37EB1DAD28120C97DE8D891A821F99F60F887C36	0.00571217104281
B111ADA929DAC457D5FFB7BE8F9E57AF4CB63E10CD6E15AE404656360A729895	0.00594037011244
B152887F56C683B4171DBB52903A813AC1A045F6DE58684A8111ADAC6C1B0780	0.0281879194631
B1BB1B3A5C6625B36CBF99C337AD6D53E9C72B95A4BC6B67FAA4709CF0115B8E	0.146388123661
B1ED109BB12021B59BE0A4D71E4EDBEEE62B2883C38BB613B73D849A31D325A7	0.0551900170164
B33A42568F2D64920A0A9C38B8CC6128A025BF088C38B925BCDB7C4A57058693	0.0184252325845
B43F102F9726314DBF6166F8FC056D15A87742F0E8681F7427012CE80EB06DEC	0.0287081339713
B4B3F64D187C723D5A8D9E6BCA92BE3DD6E9C9A1A104A23DCAF87BCC39B8B9D8	0.0163054803084
E2B8CCA7844463EE71A60FDEFB0D28E968AABB8D3E9BE36EBEF53CB807377A04	0.0327509721233
E42D16847B60C1F460B9A143D1FB0453DD54DED6B883828A2CBABE5996B38C15	0.0694720127035
E45D798F5393C7A0A893FBEB0F5F0324B049561B9376A56BE5331C224DF86EB5	0.0102750324963
E4696CFAC9B4AE7875E56CB1EC6AAB45587AA3310D885D9AAB7B26BD2B5973B7	0.00940254652302
E62048CB7A13AB28394A5789F91ADEE39ED52568FF881B11A91AAACB240C052A	0.0171391994349
E633BA7782ADE94415AAD21F7360F29AC5079C196EFD305387764E0B39D179B5	0.0092969928832
E74F90DD7FB2D48DC5EBBD1459DC2C175CDAC57C504228848676C51B8BF4E878	0.14997053624
E7FF427069EC436D80EB79BD9794782CAA3129536EDBB9E455421668CDF03F2A	0.0136253508288
E83F076AF5C3563B6EE25E6BE464BE636CF3414059ED8651A895D2E8B93AA0F5	0.0133599446051
E97F6B846B2EC6AFD0CBCE96501E1E93A13551DDF9C177DA7A17E68BA6F2EE8C	0.0128916281459
E98BD4FBE5F964632C0789704AD868313CE1A68EE33C222D7E2B2F2966AFBE73	0.0637439483593
E98F7248C39AD4887BD95A2F2BBC52CA656B3111FCBE4113BE2610F4608B0B68	0.0136273659758
E9925BB239D240458FAB9F0F0EF07835FC4FD1B3FBAB5AB6565D60FC9AA90891	0.0782309284236
E9A200F890F88E48F92FDD9073AFD21B8BF5AB84DC25BCD3ED86A4DD9FFA6508	0.0144028996566
E9BCC1B584D48B00364A6CED7E6714FB9F7A9240EA4B5D51EFB2260FC1574874	0.00685090571296
E9E55CD08D16585E497BD53BFFF0D501664443FC0A05E3B7242CC01A01C4F111	0.00401241577712
EA975FD975D7467F842309EBDC04D79FB92D74D1858736708FA5E5AA78E7E7EB	0.011306017509
ED005046B3AFB417D44713BA31FC9B362AA7C95B993E33C3FDC9359265D6EE3D	0.0623805506293
ED01CE435BD2CC41FA727DEAF96730A9FF72AC6D29D453F11D81F8518CA89A83	0.0129779024904
ED02E7B11A2012128E14181FA734C2FD3F04075845B6E5670B300A916CB05179	0.0523329129887
ED57CCCE991C1C990C07D31BC7F92958C03F9DA0D7C9BE442CE2C9DBECB8B381	0.050942753294
ED7EB1C3D754D9D6BAABA36CB735BB359B05C369ED4B1A38360AB5E12ACF80ED	0.00748888368828
EE79AD04B04E1C867817356F069CD7A4B7414DB64D8CE48DAD20B6EF2F26C642	0.0130918612263
EEB7C2ED9F2E733E255E8B5B4EC367324E495C411FD331CBC45E7CEA609F873F	0.152742828384
EEEA232B3475210A9279DA1C7DAA1BFB7FEBA5D2AF908F8A396955B1B80F95F7	0.0143445103498
EFA678C1800C06A4A4043389143006B5D9C663B29FF84B36759AC9990F1C2120	0.00549625203003
F019F780583FDCDCF4BEFD86CF038D6D8805EDDD8CE18E7F703E6E3E189BFA01	0.00920822255366
F0CF51377D46F7E7DC75CD22DCDB6E4E974C6F19CADDEA3BFAE56DCACE2FE860	0.00555782138932
F1050DB469EF78D8E8F385F3A848A900C67A37E15EC8CCC1BFF731CA454CDF4F	0.0184335981839
9727FD4CF9F925176C2AD0AE095A9A6BD820F9DF2983B2C4E1CE11844CCDE3AD	0.029900990099
97FC155C6F1F0643627D469D386440584330A922D4EF4F96929B1CF5F0C57175	0.0805984555985
98263A537F7D05C6926B658C0804C8C695E3FFA91EC1E1D18C37DDAD1EA54F64	0.00913588993509
984AFD66B6748B85B9037F895912FD734C4C3F689A886E2FA811E63E64AC1EF8	0.0233499797544
98A87BC717B0579758805C188CF02B24955938834B2309033450ABCC6B9D757F	0.0104880192313
98E1F49957D553F6A5C70C51AB304197D410E1A94A1B1DFDF7481B6BDD9ADFA0	0.00436626071267
98FDB996F98B5B2667D0E20300A63ECE5E8DED800D5A01BF7B0229E623648010	0.0410922446372
994B63175626CC059D5CF1E594610B9AC0D564CE3951047F2BFBD376E95D6373	0.0711650405838
9A36FF52C0FE1559668F7A5EA58F62EA5C1B20FAB46EB45AFA46A230096BBAD8	0.0077189334316
9A423B0204B0BBED13C186BF89BFD2DA0C5F5686D636658E09D189BD650E84B9	0.00952966149034
9ABA57F2C9731B79A3190256836B5A812754E9C576A0B0D3EC2BBB8A30FC23B5	0.0114656132888
9AC547C5FDCB61E86BBDA911E7203AF3C948E02928286BAFE2911A5FBD7A56DC	0.567567567568
9AE293C8B035222949148588D557E67EA05A1118832B24CBCAF82E57BED3AE67	0.30582010582
9C9DE31A88EA4882886DAA3A64EEC8496BDF0A8D2E9D324A5CC01CA4A59BC097	0.0299666738336
9D21FBA62507C823D5D80C11A93F6FD51D254938D9FBE94B1225ADA427A1078B	0.0413271245634
9D56DD628292F8995BA6E1073336F06DDEFD60E991C8ABF30582852A63C38305	0.0524781341108
9E05659B380ABDD89DFB5468975ED845CA761410EAD762122EB0E3376D3BBE8B	0.0158348465786
A00C3C2E192D87184483790469955A8BE4B6C81757DB4D2B4C10DFC98ABF74DF	0.0626738364547
A0150609C8A9B566A4613E0BBCEB69A2778B6B866348A10CA0CE1BD0AB39689D	0.0340690978887
A124C64A67CDDEAAA5E1CD625A18BF07A3B983ACE050A0F0870424BD3BFF36FF	0.00235461783933
A17CA24AAAE8F0D65B4A1F488C5FE5BA2E3C39D59D34AAD0F6809EC9DC5A24A4	0.0591063348416
A332D6F59394731139B19CB2EEA0FECD229BDCE1AF92452188CCCDDFA33AA037	0.0165483173819
A38FE3DC8B677E3687527CA2A753B3EC18454B5CB99D358803B01B9151BFFA16	0.00946295556752
A49B0499879F28744F83FC806E7F4EA86DD1FFA2DB0EA5E57519B5DDA115B4D0	0.63606557377
A53355C212413AC1802BB4EB5A421ADA54D1247E52E777806013E467DA201FBC	0.0117685157752
A56812FFC3AE41A66EA0F231DB3FF1256D33CC6C61CAA2A8F8BBC90E3116D142	0.0271713887599
A57B6838A4B017E879910D58964AF9BCA29DBF48C387320D5A2C8862C0FB5FEF	0.0110875054081
A6415F8E559661F1F1B197DF8D26DD7912D7C3C0613F6DBCB61BE56954548E6B	0.0173716653365
D38B2274B788A70E353B90B57A55F489DA50875D5AFBFE5D6230B588EB84CDC1	0.00390200848919
D4A25BB0AE628A3070A3556BC4C3DA3DF8DD06EDFE91F25CCC04D754D5AABEDA	0.0181570585565
D5DACBDF3581C41A93B551DD9B20BDC20BA778BB564472565768A380B9BFA7F0	0.0305055109751
D5EE01268FEB9E28ED7AEFF1B8D379C9E89B9B3D410EBE271133D01A3BE9F9AB	0.00729408885081
D78D39171929E4C1013B77B7D777EB1D749B687BF77BE8A51C6A77FC9B9CAC7A	0.068515497553
D794BC72680EAF166791D248F8B0911E6161E83353CA83BCEDBDAFDEA999BA26	0.014309331374
D797BF6F478A33C09D2235663B45B485836EC68B9AA27865CA10AB91E2FBDEB3	0.0198869583421
D8231A45C58E55007E709CB95D6182FE86563F7998FBFC8186FBCC88978609AE	0.00395605389276
D837A32D4B78736C6AFD7EBE5AE6581C68B93A53BB3461F97621A3E4E6494DBB	0.0333138856476
D8AF04D7320839EF5A6A8DE356478FF8CD060AE6C2B889DEBF15476E9B1EDA8A	0.0240530826652
D8EF84686C9D126E6E0C6D250D15313F5DAB132596110D487CB060DF258EAC17	0.0193669932178
D8FA9B2144C786E2852D3964426174AE7CE8DF40ABAF868BF5D318B2EC719B82	0.00826293680469
D90E47955727DB51793ABDC276C519B91F6D1B7161130F7B5DA6F07B80C0CC16	0.00660502986721
D9823877BA312F5782B4828D8D17C0EC0D815359BA45EB3A8F79FDC629F89949	0.0346761856196
DA37F7DE820955C1B73F5761DAF04B797746D763693E552B2F7A83ECBE776CD1	0.0137300531915
DB4FE4A4C172A6E63F05DBCED32543F775878BE42F85572A9B46F00D55F021A5	0.0324979789814
DC6E19EE2886B7202F4FF631C8FF424A7F3784594D4FA9D0E1E3C2A01794E1AA	0.00276582667486
DD76070842FABDFCA0FB0808D8379947D753B19435261BA8AF91A7957844B1C1	0.0124936536905
DD7921B96C0477CD9B55F79F04186429531DFF55DC6E420FF60ED53882926309	0.365243004418
DDACC15F635102E44900458DDA926329466DA49D689B747E16F1B3D0BA77C616	0.0693175428732
DE5906DF501800EE00A9281D6419DF87D2910CD9CA101FC90066ED90DC8C7248	0.00765457387742
DE5996B0F5E18654443653A3B0A93001216B972DF8ADE461603EFEECED556F52	0.0282333960742
DEADEA83FB39710EC8721F4ACD88C3E9065135A9ECB18B00D95402AB12A42A2B	0.0232060672846
DECDB3916CCC23BACD61FE782068D869F9D67E3F7AF95F451FB78C7D841B84BA	0.0066106458644
DF20CEC80314DBB1C6122149FA3FE6F8819464FC7D306F6D0602D22B7154B6CC	0.0805322128852
E009F95A6EB45045AE5E60C086A53B513D410DD8B5ACA908F614643DF38D81DB	0.0328228714786
E0A34F30B83DFF57ED0F5FC80E85ADDF1FABF62E5AA0BFE036DB4D2A9A7EE65D	0.586805555556
E1A3704826D0168C91E2F6A28176A80FD9F4FF950355297B8982D1D4649DF3A8	0.0667563477384
E1C21D82BF04D68C26E770CAE8D772DA420103E032E2D123B2F5113623918514	0.00843227117992
E1CAA7BB5C5DD5F8F1AA8FB90405459D88ED66ADFF6FEDB318E90AAF57341629	0.00576263047132
8811171737E0794DDC4FE006B5D624D40CCA212B7A2018AB1483082BC1FB2EB2	0.00903058424388
8814CF5573BE8D58A226682907CB04389B3B580A6EDC52DE491303584E509018	0.014292436184
8875AFF6C9BDE8C09ADA1429A58F733BF02BEA5DADA890396660A31BEC1143C5	0.00578034682081
894A5F61086F764190D42D791CB69BF14EFF558F8AEDA98CF0D4F02DFF596D0D	0.0235866372981
895C81DF71CAD1D26480BFEB07FF0B6791493260240319CE99A26CF1E8E2CBC3	0.025625539258
8B7A3C2A5F089A586C3197587AF1D167A581408364785DF4B67745B74E9AA822	0.00564087571156
8BA011EC42E81313C3ED78412BD91A22C656346D747FFB55A9D2A9CB1B8007D5	0.0668185269552
8CFBF764033843B1AC79D4490DBBC86E71A842CAC2F06942EE65535609FB5196	0.0263157894737
8E389B2C517CE97A01B557A0AFC2DA0D06386C69D8DE46BF132010BF7A3F4895	0.0035501342679
8F1449DB6482BD70EEA3793E36F4B6922976FC2FF5C2A405740AC6CB632B2BFA	0.0448997384481
8F526A5742900881B6553632391E8D68DCD23C8F67C327524ECAE59A9B2FBD65	0.00886168507605
8FE10C9B639D400D9F84339FF6C04C3464211EE36251B974FA9C3287EBA6E1DF	0.00783229806344
90491454EA573DA91E72A62AFB72CA2EE0C11F17CBAC38BC9BC245CA8B42F8C2	0.0682578630381
90761B6E387CDDC808109D72D89C8328B23327147AF3A03918492CED87B0936B	0.00402631186519
909623C204A1B6631AC33C5BED77495B4C3E2F1A060AB13BB24E459B5D4C2D00	0.581314878893
9178059FE84C2B4155453BDD0AF1FEF7EF5B0CD6ABEEF3FC5DC4927B267CFA9F	0.00772452384262
91CB858A8A631AC1FF274B3C0A48CFF76AAA0ADB2E423F81B44307F64B83A866	0.00810690072003
921B882AAD70B21FFB1D53816BB4564B015A0A554CF827BFE9ECBC207F5200E8	0.037125037125
93DD628EB2DCB448CC6613DD30A91C86542387F8EF0A345B295B9605A0EA5C7B	0.00477932713858
93FDE2381D370A3C5026C55DEECDEF51FBD53CCEA7908E53CEEBDA744EC8C183	0.0087926300742
93FF668CCEBD94B6873DE589817B5EC148D085E69540FF64046A88A77008418D	0.0217834394904
942362F74A3D7B6FEBA7D6AAC67A1FB393852822C892B574D13772344B5961A3	0.0120229560123
9523778580D930E66DBA142DD9A4F1FBC96AC833069B86E1BFBF9AE1F25B694B	0.00479182195719
957E0F0B2A51A3309ECB0708F2FA4E6D02E1AF0B84062C93CD03FB409626AA32	0.0236202926539
95A2746FA39A23C23C3CD5C7530B7D9EE7C16379957D8E0C64198ECB7A1A0A7F	0.00920057905742
95CE38B4CBF47313F4D0189CC9C0324082FA252959E9DC7BA79DFF27E51C7A1F	0.0431392931393
961BB4C701937EC1F9585483C6747868A5717BDB8C5A3B86EE0D7A58FB8B3919	0.00568181818182
966686857FEA8EE7AAED35BACDAEC373BE44E273DE6FB1F341E1C2CB09552154	0.0147764705882
C537A5F1C71FA3D3E0FA4F113230F256AD60BCACD5002227B0ED938149BA1E5E	0.0137146846869
C5A8AE9D16EAF1802545A9CBC0A245900BB00B3C1237D1D5988476707570498A	0.00752984079283
C5D0E31AA8C00E1DD8AAE2A954AD10DC3960A92FD0E4EC22BAF7FA0BA7EAB9C5	0.0575539568345
C6BF5B11863C3A84E778B09C9C870921B9AF30D95BA967E3929AE39AF189E8B1	0.0230890088121
C6DB338F3F86951870E5118F86A0B6B9A00009919C8031BA106296908851F3CC	0.0132634359975
C71DE95956355199E1334F0A2794B81DA3557C673CCD4492A219D0B61A5B22E4	0.0391762933199
C77650B0D179A2C5863B9425F17B018E8F079DB2225C0E6434E383AA9A9C2411	0.0076297929365
C858BDFC48D62293CF04873DE3B92ECDB35429A4C69E8CAA77E5E1232562EC06	0.00687410198473
C8A377AA8B891BCBB848A7D2414E448B2995F1C71E4988EB34487F5B1A5879F7	0.00529798460341
C8C9ECDB03494CCB9DA69F2CA7B05CC063A0F65DA56C3A8037559CABF425757D	0.00977357463428
C9144BA1A3A7E54C7F840A0C724F9838140AB1B6627BB5AABBAFABF9D0A7C78D	0.00246673036451
C98A01C7AAA2F2C20AEB29B7B67CB47241DA9514661DD6ED2E8DB66CB0B09070	0.0266937400951
C9A56A1416299B7193201D3CCE4165E0D74EC1E57343215E25A479487547BBF7	0.00927647534357
C9D5870E37E596E41C83AF6147335182BE8A00EF81D3C84408443DDE5F072AFC	0.00948980158951
CA0B959D88F814CB512AB8E8431C54B6FCEB7DEB6114CB750B463877391CC7E5	0.0117827420061
CA0F9CD7B24DC3CDB87140E895D0D104D2CECD5FD654D9647BD62A03671BBF6B	0.0264392594471
CA103554F5543C9C6A52DC607076062E691B06417C7BA8AA71BE1FACA0E4B838	0.0412498635917
CBD082A4880BF9F15B90EC0EFA55EBE17D4CA3B7584D14CC94ADC30DADF3771E	0.0115131849851
CC3323726E34A4E85F0205FC30AA2B04FEF7855118367CF56BB2DBE7ECB2222E	0.0473061760841
CD6632E074CF3DCBB7169C5ADE3AC1E18EB0ADF72CC2A6D3B7384AA24FEEADE4	0.00990602726726
CE46B98CC8EB9A771E9675BBE0F28FE1403A10A990ABF4FF6CDC12196F5517F8	0.0129066748129
CFE7022A8894E0CCCF4005B39827A191CD0445C9A32992A05430356A26E47CE1	0.0491201847952
D047DD67ED6E5DC22C598F89729CCB889041246E52250F27ABF8DCA1FF9835B9	0.0212129453359
D11942AE81A0402CFD028C1C1B7385898213DB196EEEE36FF523076387712BC8	0.0318703578663
D137A1BA72749C6D0E39425A5D9E245D2133ACDE7563B94B1C7F6CFCA4AA8F8D	0.0224244019611
D137A2D9F5EE884ECF56E874FB7E36F9AD7D90B7CBBC411FB8F0DE67C8407FCF	0.00796753600238
D1442CAA0031D1DBF4CF995A7956567B9B93C81963D0E2CDD2650AE44F90EE64	0.0458832758652
D17353D2AC6139C14655E4A0DF8859FEBA8DC0B5F3DF1EC7996F4901640FF3F1	0.0773384283104
D1B22A87CA963F4058A171E8223154507B3AEEFCF6AFD6F58FCB2F45A2B23099	0.0399012424339
D236BFAC098448241A4172FA5CEFB1A19E72C9EF4E24BABA4B34C97626A80B6F	0.00946350329052
797034E10F86975A336DC8AA376B4CE10928190B0965803402A2A38F2786ED0A	0.00520802855638
7A6A19CE8B1F37DEE44E44626DD32584032D927A933D4AEA3BDC98C9D9DB3629	0.0243856153335
7AB7CAA40EE0761C3AA82395F676778F2798E595360EC4C35E7095DF7CF0EF96	0.0874798742621
7B0B451B1A8AC1F98ABE74AF1EFC8157BAC576BE1221BD8AC72B3B57B71FDA43	0.00946096641073
7B1B1E5DDD1509ABE4625A8375DE18AE1808E02128D33D088ECE214788B692BB	0.01279982476
7B511B5C75611A5FBAAB96E6CCFB05F66DE66EA9CF327F31FE232FBAEFB62145	0.528571428571
7B9D426F907B91EE471BA90C0FAE360D63E3014A43D3221B85E6A48475E920EF	0.00680922614846
7BC42C3C2910BFA888AACFF8F81CD6032E9C8AA0B3F2AFBD7E429B14FE738753	0.0133112678083
7CE048D5E01896E79D1F18A4BC756740EB48D044E1844DE074A9D57DE913E311	0.0464534075104
7D05D137BAF25753228DC6B353CFFE2B91256646588B074F3208AEF00FA8BC13	0.0264720262625
7D6AF1AE5B5F23BA47A1D55B2BA311DF1BC688DB83805708BD270BA0A0550327	0.0116089914227
7D784B1BCD939C00505EA7099897D8AD8FF1ACF266D9E378697D766028060A04	0.0120662347012
7E72B87EFC0460385B6026415EAB7FAF3D60182D10F3813E083787774EF19AB1	0.0144670524547
7E7A3193F315B1AC6C73913E31269543FA85E6C1D46F0E39084A07729EEE5934	0.1223690651
7E9F1AC0EF361D4C984FC2C15CC7F96AB0588D35B7FE428384AE44F9F0523083	0.0313328512895
7F017DDB8698D73A342CCD99C37D1ED242531F07B986CA532F27FE3E29898574	0.00263705305227
7F570A92A42A2160DE7D7BF79E974E245C694F1829D7ADD33B8AF4E622FA6D33	0.0118324807573
7F86DFD3BF90AE37E0B650C9928674EAC85D88E0AC49FEE1C70D241473129FCE	0.0213067150635
7F9C36E81D731643627ACBCF97BF55C87AF5D07605320F42D7D32744A1913AF6	0.0352428099953
7FF609BBEE5A9D8DBED9403B2122F689504722B9B2925D0D57C48C2BC0E702F8	0.0132943143813
806DD1A1FB4EA4779DF04D97258C214B87F6B7080EE73FCD0603F13094A07A33	0.0124378109453
807155CA782D21B0A079105111802D259B00351FCD518F3F97AD28525705967A	0.0135946772163
8099D964E6C0AEBE35F12FA6BCF9891989EB9ACA6F5826540A595F2C378174EC	0.0203924230271
80CDB587EE60E3921727E6FB8E0B5936923161152E93DFA7355DE9A30AE92AA6	0.0330180260575
80FC7512A5D20AAD73CCCE7C8CAB50F5DDE2DF3989ED081EB5953F92250FD8DE	0.012821500077
815984EDDE5A904418111DD87B8DA1350FF742920ED43A06BC7A0C100D2310C9	0.0621732372474
81A4CF02BD5CD4C4105E11613BF5D2F078E719BC1814573194E848B3AFF0F565	0.0138546494429
81BED60EADB827F5DADAA340F6F3204ED7FB0B64C8E06126598AF05E39511E8A	0.0635994157617
821A39DDCC6EAED764F252746698C85F912048E880E08F47760E9C159A843A3E	0.278388278388
82B62349CBA64C331DA4943BAB2DF63597E76665C90C02A3778C70721260EF8F	0.0163630750232
8329CB35167C100CA04AF95149562C8C03001CADE1F01E64C8D883ECDD115726	0.00922496475856
8424BDF6B6534A35FD45D400E4643ECB2AB498384CBA762661CC54F43078081C	0.0551712406441
84869E3DD9E272F769E4157BA2898D16BC36363EAC94C013FACE9A7DA626C0A3	0.0266077931015
84B7E37486C7A1D8D1BAE8E48E49E46C8DA768809EE21CB35A68C8EB672704E9	0.0156689151209
84F59C4FC125815008A2917951CD2071007C40B5E50FE60549B81B41464F8902	0.0152968313706
8585F66F8F46A92AE8F8FD94DDB0C43CFC4A9BE24D5C8F1D7EFFC9897D39C0FD	0.0104629496918
85BDE2B7F603F2120E9E697E8A25ACD45A28A3BEF390B67D47194BA0A686562A	0.0434318262727
85FEA580334C68B3B997D5F9BEA0A1A9C10BDC38400AE71853FD74542AFD93C3	0.0271824717562
87D8CBBFE843DF1332A3C9EE8A7E381415C16FABD41218033E92B429B32F3A93	0.0183112420226
