F164E8986CFEB95541134EDC174853D8022D41904B128077C9526C15DDF1DFE6	0.357259380098
F2EEF27954726F8E83912B56948EE66BD598D8A23FE4210B44D24799127C0E59	0.0517870670064
F30C77211FB383F2592AA3FBDBB2E34AE793E9DB79164040CBF5899D19185402	0.276515151515
F369CE0D9C94AA9CB34EA1B0017328992B7650151DA0D8F9277087FDD7320737	0.282945736434
F37BC73C03A04716A69F17CE848E0F6E7EB1BB300640F50AFE94BA577A5A11B1	0.0195465087891
F403A12072C3474CB25F15441A6770AA82AC748BE35890AC676D103B73F9E12B	0.00349968838391
F46A5DC38F6360677ED17E793DF33D6FC349DF940A5C53EEF0ACC21F9AF33246	0.124815361891
F4B68912F957B30A642B3D0564BEAB6FF9BDE717A9BE75263739FC541FB504B1	0.38353765324
F4CF4299449810A3705BCCB277C39B17053D75FAC4B4747458695A2DCB6E840C	0.28449197861
F4F6875B51A80766260B10BFB41BB3174E3024DB4A97C6ECCF2D18031DF30023	0.255841121495
F4FB4EEA59BE32EEA55970C856562FA44D122F595808E1BE06347D5CD1424A54	0.27037037037
F506CBED8DB6CC3F3D46A0EB5FC2DBD8B6AE5840FD469FA42293792A8091F8F5	0.0648379052369
F59D38E531683CE76F1DF6A7A8FBB67B1E12DEB2EEF60EFEC8A9F230D288120C	0.0189056396484
F6D4D485B85164E82794CBAC043216C2DD47E1CD0C599229902C22BF0DCCF029	0.0275490894792
F6FDE9750693C9CC4310C830704129F1FA2B37B9557DF5AF542FCB96A0968BC1	0.356097560976
F71391FA381BC94A265F2184292CB1F0AAECD9A4D3391469254C97B85C2AAB2F	0.317391304348
F7B2FBC36C7585242B1DF8C889C4CE94D86EFB1A810EAECF7DD98421BD662DA9	0.361386138614
F82695DF3BF71962DEBB334AF16C0B42D3D9BA4B4A54A53D67170F042C680D84	0.019295154185
F82E07DF78A3368F8D249D457352CBED1B779262B513964D9C37287F3714BB9B	0.446666666667
F85ECE24B06332B610853DAF695B63E7623608987CF6EE22C4FC9F1002073B3A	0.274165202109
F88C8D2B2CCAD6F0D56198E5E59A51D60E35CBE7BF641865586D2B5DE85C8CEE	0.19801084991
F89E5CF6980E6A54D869C66F2AC9CE8B54B5E0236BD8E9D05D79A82B452A8D5D	0.327931363203
F8FBDE434B3B1ECFE6202EDF5C1CE0BE5C9D82945E81C5C3D642AD0010DFFE56	0.481318681319
F91B37F13D27B88A4FD519CEE04F17D87EDB1F427E29F0D8D8F2EF71BB374DAA	0.255244755245
F97E94241082F6C52EFCFA720D849143E487AB28BA52F889834F306539699D67	0.0574447012215
B5E7DFEEF620B81309910C2AC50E8E080E921CFC1A695B41E7D65F4C7DC089B6	0.265776699029
B6DF40DF6482CCD7AA8B4CD49E2FB6A270AEB25B81867E8B37A5D91ACAF126E8	0.390374331551
B76E7B81F2493D871A51329F1AF743F3837D0C1F9C5266C1677793445804402E	0.0243401125054
B7C80E54B6D111DA1E01B932D36175C2D641295117EE82922D62458D953A50C5	0.0670995670996
B86FC3FFFEDB5F9CC1858F0269B3C489CDC36B69A9F63E32E4AC2F5402F44EA6	0.369308600337
B880CB6057A5BF80533F1F4F36AF8FD4B7C012472CB642F7E93ADD98210364E4	0.137119113573
BA1F673903768FFB237169E93D2CBFA7C798A17AC3DBAFB326832807EB630CF5	0.149182561308
BB11CB5709D5DA911AB841F6D16E5A2F3CFAEBD95D2E8D6D424D7FA2A0B7554D	0.0348537796579
BB8187CA299C0387CB70C3455C3FAF1C482406416C9A76D66A60D06EEAA2CBAE	0.130769230769
BB9BC56BBF0BC1364AEB26AD1BE750E6BF73674E06167C0A1974CB30CF35268C	0.101707546253
BBAFA8587A5ACC71AA410F35D3997CF3DF642B23D3B9DA07130D044938561316	0.0423889160156
BBD0B024C8D0A198FE7921685D163D3E89AB206B09C0E456A1C9757553CD6F9E	0.00266398592611
BBD6CFE33045BDCB83BA7A51AF1DABF114CAFCB1DEAB4415E06A88169E8990C1	0.311703360371
BC0EBD696B1608B3283D84709118E08E2BF67367E30DB11620A07082EF80CD1D	0.212545676005
BC1FF7ADAD3DDA2FDD05206FF54F5E3B3FCA7FE5D5C55D51E0BD98AD463116DD	0.35379644588
BC4B0E4E0DBE329F865BF331CE7427A45BCB04DBA1B1ADDE8EC329B5E55A2E9E	0.165836298932
BDE6BEC634E900D54617D8D237318EFEFB0ED1463159A6D1570DE6046879EC1A	0.203531598513
BDF1CC1FBB29AAED930A2E9B5A1B893468AA20F37B67CA9773913A3C16FFDEE6	0.287779237845
BE81984CCB714D0154CCA547FB6B83BDB0F1A88A47A978E1CC87BDB7E32365D4	0.346518987342
BED3DAB55AB44C277AE7EA6E94549B28B84B82ADC6769220CF1C3577C4C8A3B1	0.0251492799438
BF7E7B1A0D7CB6B98232FE1D803E11AAA123E227810317AD4AF19FCBB02E1FAD	0.00908644400786
BFB43BD4AFE3F9A88FEAA2145C6DE442560E5031EAE502FE30B6002C509FB48E	0.158088235294
BFB610C7E171FE78DE618C18772B58419BB9BCF4627B2B6A2610FFF89FBC97E7	0.516509433962
BFC9AC426CD1FCA3B6204959BC5983CD1BF0C5B55F3240A1689F5CFD8CCC542C	0.352657004831
C03767F415C1D6911B096FC70D679DBF05DD7BDA57EBD578456B402D9F0F8011	0.256140350877
C087221988AF2184FC1EE844EC45A5CEBF71CBD89BC93A16BC8466E2818104C9	0.351524879615
C0E605BDDCD9D2C03983DCBB93948ECEBD251AC61214204A8C44D60A6772588C	0.382867132867
C0F304FAD928694CB31DCF8D072030B87821703D6C5E5500B346E126389D47E0	0.34872611465
C115E74CB7B9695EEDE034BE5D7F2AA6845037D8987D2073BE2CF0F1AB3B83A0	0.0666971219735
C216AC72213332669D64B863597E47238096D0B0FDC2E7D6035480D565A36788	0.173076923077
C2AF3625236C4D88A68DC6D7E98BB87CF891F123DCD6895643B2F4B05EFDEA39	0.0565395568521
C36971C652883CD603D0E4EB258EB6A35F6C32AFCCB8E61F045C98F416AA32E4	0.404805914972
C3CB1293D4AC1A8323BD8D5000FA4BBD6ADD036672E60D363A01128031345BFC	0.00665283203125
C3DBCED7EF23CB0B80E0D992C2549978C696455586D46EA2C6A16E7AD23AE519	0.0643128155279
C4092FD30EEAC539711A35E19BFFFEAF396BD7189D210C880E55AE54C0CCCDC6	0.0260009765625
C4205DBC5E09B40968B578C19577773A06F0A8A9883270BD1D911A4763BB4BCC	0.00552028247932
C438430A0E4CDE83B608BACEDCFC93001ED09884FDAC5B23DBD93F13264CE52E	0.0656084656085
C4675E4FCFEAC95919DD40EA24C21565900A90C16353848C3F7F9205633D1FA8	0.0468553797582
6A33C4E06819E14CE2AC69F7965F644F515422E4AD70BF006D3E3C32BABA31EE	0.0189056396484
6BCC6D0AB0F73FA494D760BA1E34BFCA6601A5897E26F652ABF0099FB4FEC576	0.00440719377735
6C6252FDC4130C9D0B7ABE50643A82ADEF8EF753CE30769F3CBAD056B8D10C32	0.00969219924812
6C640F1EE4D460512CD93181B8BA43D7B128F2F251046490FE186EB2D2C3D13B	0.174257425743
6C8BC405C03F41B02F06C883D4B6BBED6A1C41865D4BBF4DAE1C3A5773B5A44D	0.0858123569794
6CADFF3FE3B8151F85CC463E37C05A895D8A590E90D37457D90C4F102E99D7EA	0.56711409396
6DA64BD20B8CF6ACCABB6B486BE8CD2522CBBF25E8374A46B78C2A5CE1F5EE29	0.0175516354933
6DF3DCF4D3598353C2F8F8AB431460641896674D5DECFD1FD13F9C5CAC5A707E	0.0103923915097
6E14C23EDA3813EF34321A7BBEB8BA987E9C649E0355ED228D48D9AE4733A8AB	0.01447984383
6E6C904374ECFD1A06A11AE21938F45B97B8F91CE1954884083061FA56B48A06	0.416349809886
6F44B558759A63570FACC6245E6186C21F04D12A8A6EDE93EE4AAB7B2B6FE18C	0.0747950819672
7099F35CDA942FBC8560FB56E58F12937DA9B5555315F20F24585F4A83470F97	0.376936316695
715B80B7436001A0139D095F25891743D0FE50A3AF71C447354D3CEA058EC33E	0.316473988439
7250C5A66EC5D214233A3A43013C6E06BA71B273A92863D5EA1FCF2CA4EBCDB7	0.517531556802
72A56B5225E773CEC1488F7DA418C0F2B88C84E816EC31A65CA191DBC50C7ABC	0.0160095468353
72D4EC552DFF57BE4FD280E792E1BB1E894033DBA97A723555B818EEAE39BA4B	0.352657004831
73391AB9A20D7686250C56A6490285CF4195DFE4EACF420362F2FBAE5040DDB6	0.350961538462
73D912383F932A931957D7BA977339214B173D124CCD13F5A9E70AC51511DA94	0.0332986472425
741CC559D4BDBB09682D5F62DAEC1B8756146D8C4CC9E55B3FB3E6C3C106890F	0.161134163209
743BE5C00F43B37B172FBEA3A5D6E7D1D85A100C761FE0B742C3DF57955275D9	0.0237884521484
74436A7DDF891932FB1CBC91CA3E92B650245FCA18F6FF15E1C9F512E807EDED	0.0448724362181
745230483A5EC96BBBA96A4CC04DE97489510A0DA1096AB5DA201BAE14547063	0.0901378579003
747703DCA3FCD92AE6532CE2A99FBC7517226365292409B4D0459C7CF8F6B552	0.0520556048506
75256B7C602B20584A57DFAF263C94840E6A29157FC43D79968A177F95AFDDE2	0.229423868313
7592143CCEF70940550B767900B57D366DF71A167C64315E7814FE4F3CF09FB3	0.00731817621182
75A6FF7A6E2E7CFF7C3907F7A8B53619C888B4C4466FDF156F9EAD593DAD80B7	0.0204925537109
75C40551EC0E1B4B521CD8BA545EBC95138CF8980880DF6A5A11927F0BF1631C	0.304589707928
76389207CF57C29E03DA158AA7280F6738FFAF501AB115C1084355EB1603E5F9	0.349282296651
770DF5C6DDD8A213CE3CF50DBF88B23917D8EDE21EC0445E955D425C8E8754AD	0.0544045169625
77DCCD9ABC2B687F59D660074F5B8825AC6EBEC88F6D7ED3AD7213C3AC64F9F6	0.241988950276
78485853442B4B77EA89866B1DF912218D251A0A662ABF9B912001F8FEB9EFC1	0.0216218656194
788AB4CE56B134B0F77956B5BF2EA4E72EF3FA0F334709A3DF78707B1AFA9518	0.400365630713
A6BD78B58B410796608D3C3616F0F1A3E37BA2541C8E4CDE1F241A5C6C3F7C90	0.182795698925
A792C66202C945CD533E6A5D14C06A25954DC05E3EEEE11A03DE16384DB47D4A	0.365957446809
A79D224D5B8675D9C1366766C8207AB1D0D4137FFEA1F699A160676B41DC9E2C	0.0226745605469
A7E0F4DDBA9D5296FA2B04473AE821483792102D5971BECF7B1BED38E8127650	0.217693836978
A8B1FD1B650D95DEB171686C5C1624AA3F51F17B7C851CC55DF9B10E0AEB7419	0.0246734619141
A9B475F825715E05539F86BBC394A20038DBAC74FBDCCBC133EF115F44051B91	0.388987566607
A9D37BA22A046E80AE87665B4868580551143EE0403D9219DB9226D42B492486	0.019894622093
AA07DC15FD026F3AC5F2DF075C8212901FB3BD1C7906DE842676BC5F5DEC6B42	0.349840255591
AA397AF5AEF34DC0436D22C2C368058D11A32A4167735532A05F32B19EADE816	0.235550708833
AA412A59AFCA9B8E3A7AE9FF47F80A74533AD41A969C05E8A4F58127CAD03936	0.0343591905565
AAA3F4940BFEB0AABA506303F66B6D062010D5180D02CFACF11FC58ACC8F7371	0.0300743281875
AAEA422A3A8FD1F3881D578EEE0A0CC9D557576BC84E7AB2441DBF10146A7274	0.00440719377735
AAF0E39C28F03EFADED10B2F66EA877A7EEB00C0BF519BF0FD7ACE0395FEDA6D	0.35960591133
AB3B4E36F75EDF61321C886D229AF19EC14EA71529B9419F55BBF50898D67423	0.0256089943785
AB98D4039C4604718A9CDED48E0DCBAA0E8058D61DBE65D5E66C18048A55F460	0.106382978723
AB99A09BEBEA305ABE886A0F48001F70CF46883F94EFCFE6D6863D674777FBB5	0.0719905586153
AC13926B92B855CC3FDA889A28D5D407BA6B5A4E3F771C1BE018D7A05FCB8F51	0.355519480519
AC29D906CC969A709B93D163D2C1128CB431047F55911CB4780A797F11F9119D	0.248018120045
ACB6656EB65CE760BDF38B946685FAFEB47B76ADD6C50D56C2EF2370320B06B5	0.0303649902344
AD0451C9403C1B57F146910BF2933C3870CD6216BC88E59684DF79A08F3FD02C	0.0767496669741
AD1C4446CBE14AE408DDADF43D00FEF54EBFD90D2263E2E3D23A705F165A75B4	0.352657004831
ADF64C76C385EEFD8781A81F86B56B69D972B155D9F30CF215FFD51692A2E6E5	0.0330657721337
AE26E6D977401E2229E0719F43D1FC55F361CB343277874467B7ECB20CA18E05	0.274436090226
AE2AE69F66136DF99E616CCA6F5E463E9BD08978E7FC61051B3AA66E0AEA487A	0.213325183374
AF57F54B3CFCF80D884414C590FF6FAA14F32E95E75FEE9BE66E118979076EFD	0.165131112686
AF7AB751EAAF24D33BD88F5A063AF233A4247119C4149B2F036D7D2D19E50AB9	0.00846897853267
AF97D9609839668BC171414EE3FD28FEF4375B5AEE71F8B3CCC4032CB14001CD	0.0355072021484
B0104C396B1BFED8716A10690BA6606F7AEE918156DA7620D32499935B7238BA	0.0260418973382
B0AC1C3388B147FC502F9329BCBA0BFB47B97723B8EC4334086153DAB47E8D52	0.0178275694106
B0E4AC0CA5E5C7ED705B3F7F5AD4D15D662F5652FA602094AE0AB2F6B2696D4A	0.0501398322014
B0F003532A309024A5E5E9CE4A0CBCBED06B5B9FCFF4C94E9E90C85979A6954D	0.304589707928
B116792DD17DCD309F873183DA3621109171B25B18E67E387877628FD780BE2A	0.123738714817
B11A1E82DFE6FE63DBB253FDE15549C6EC0E5E23D10075DB638E1FBCFACF5182	0.00405892721422
B1478F870F3AE0A521F48B4ED7BE651614D0B697B85F3C595F180E15A8CC7580	0.0067440053286
B1ED296413038AD79D8C5005EA61823DDB8E517D33CA47E79C50F601F505B522	0.340062111801
B226A66F6BAC76E06B84E12EA2AB76434A9CDCE2C7A64FA5A52617734892A853	0.08955778521
B239D171D56CBA3C4164EE389DFD5FCF4EBB04251E0B0A5E9583F2A21E542708	0.312410841655
B257F4052C464353A40ED8B61542856A3AEAF527C13967A04DC534E751B1E3FE	0.458471760797
B2B9A7BE7EB39C98FB1A98E6E368FEF4053EBEADF2FF6F3987493A6BBBD07F83	0.181034482759
B2DEFA3E22D45DD88DD667A896E385DA5748FF791941D517052716509827251F	0.0761815189278
B389AFDC64B7BE285F8097B4AC6B9BEA283259857DB0DBD27DEEF9251A13C52D	0.520186335404
B3E3BA45B4783D39EDCC26CB94CDC2372A5491E6D6C7905116FB8D3AA370DED5	0.0301818847656
B3E46C15C6853D45BDC16DD4A28150C31F969BE32FEE5FA58B4326ABE71D4F82	0.00816391504071
B41366D64005A176542EB09F97BEB0787C1BF1378497A091B87310C4F4B54F12	0.345425867508
B51FD0C64EB70EB8C7BE2D38336FF021EC0E85E403B049568B4AC76286A05B01	0.0317930489731
B546B9067B01042622D1D7D21B56662341A0630E29CB61EA75372030143DB37A	0.385563380282
E281CE6C06E18D9F0E1498ABCE30BB48AC859CEF6BBBD7B49435DED820E7E16E	0.352657004831
E2AAADD6FE3AB1357411DB016B2E0378488EEB573810E8781B41E2293CF3C8D4	0.278625954198
E2B9F6D2AA34B7916D15FE883E805E8B66D2936453822C4A7AA0D6E6383B564E	0.428571428571
E2C5EBD01D073788AC15A0AA85BDCAB77AF6E2D880DA530FE1BDA1C2B5A317F9	0.516509433962
E2E0D7EFB8A62F60096BB6F9974D52AEFEEAE849234D515830B8248BD280166C	0.164915966387
E36F9EF2CDD7182A35D4295FEDF86CE9921F5C700DE8C6519DDDB2A681138A43	0.352657004831
E3D9CB642776DB4A56B7310E68F0325E2DF8F0E61FFFCD068895D0440A666B73	0.0471092077088
E43029939827C19AA2EA9AD65FD8D1F4CCA23E6828A81DD0789BA3A7A3CED231	0.473002159827
E4330E97BEE1AFBA7F7AFBFFAD18B1CAB75DED98B7FB36E89E35CF1A4BA2BFC0	0.474025974026
E43EBF22FBA3E71CE4220E5F219787BCED5BB3F4E4761C678617F29884EEEF5B	0.352657004831
E469ED16E0F7D851C42BC49DD8C818BDD01F2C0C6E03877BBC6685243973ED9A	0.401834862385
E503AD134977BC7CEE0576F368866922A6E86B1C0CAF22CD737C5B45025E8273	0.00422528370918
E513DAC30C1C2C41237BDD07B78DA59DFBBFACF5023DF4CE679E3D4DE3CB26FD	0.119423472889
E531CF880273E82EDCF50881FD21F22082D527394C2F117ED5DB2991F913A80E	0.0247192382812
E538A8120970F4E3AF41997378DCC20C094E97FCAC58880A84DE8BB03464D20F	0.100694444444
E580AC451BF61A8BD070FE5C95FA691E0E8AD4D71122A2FD1043F30DCA75B9CF	0.118125824901
E5C3AC3A6F09742053FEDA90B041F57489E142338D845ACACB1124E9306FDC3C	0.0122978820314
E7D0FEEB50D1D58D940C26BE7FE8D4BFDC51DE2D85C8D7C67F2730FBF9FC2B0F	0.0837758958901
E822F8FC4815A79575AA9CF6E9CF765451261C777353842E1EBF24FEA2DA3865	0.377586206897
E9029AC0ED7273779568794A0D13C335186809DF8F15AE5AB6D69F6C43CC3674	0.242647058824
E935CD2964BA2B5AF9FD9638A80CE6D48D9E576460667EFCE6D0897331A4D26F	0.441455696203
E961BF9DC5FAE3CD3639D1FCF577DBE0DC3E64915826213A238216793921B67E	0.134185303514
E9837DDC4929F39CB4EA1278A9D98A7997D631B1533920C354C73CEDC72A7737	0.318777292576
EAA305F0264A0672BCDA36688E4295CF57607F370EEBF23810A12CA7C4AC6555	0.421965317919
EAB79416E5244A73E99270E94077A6A27F1C1129F3389E2F6948568733CA7CF9	0.00889587402344
EADF2322CF98DD7CFC69F4814FEC39719C854EAD7E019E6A066DDF10C72F5002	0.241189427313
EAFA7F3B39CD9CCD2298BD840C4FC905A6627575FA163434BA85C9BB0222BC7F	0.0127399964113
EB84CB32760B7F8AE600A31644EE3CA3B946318DEB2A863B7BD5C2D2CACAB0CA	0.374358974359
EBC46255E9FE2F1208403EA1D2C6825672E232A37617D5E99BB80C610EFAF431	0.0989468434077
ECB068E595667D4AD4C1207F855A6A3221D0CCF6A9C441DA659E7BB83AEE30BF	0.00334031859076
ED1F7A9B47B78E3CAFF244D20D71466E54BB3688EA7655A6052FD15659A6346C	0.00520324707031
ED3249F5697694C1DAE58FAE52B26E6E1499DE11E598AC9FDDADE5815C665B54	0.406307977737
ED3AC00359E6303F46EB2E96AA4B5B538B60FB1FB73CD777A9500ADFDD9C636D	0.0739957716702
ED5B25D349177D0AAF4B46D1FA3A19127EEFD7C0DAEB02CC38A3FC08E42B3DEE	0.481318681319
EE0A08E0CE6401FED809CA6C49422235D1344BA820A160EACF950D72DB2B9A38	0.235550708833
EE3E859CF5AB2C850C02C2D63DDEFD33FD579D07CD4713011EF61AAC9A957575	0.0142364501953
EE5EF6DFD569A0D97A0180BE4351A75726413EA1FF6BD401E47D5D562C611BF7	0.0450347805229
EE6D2FBBF6A55ADD040FF3165D7C16EFEEF846E7CD760E483C56C4AB933C4C2B	0.0309906005859
EEB6164BF3A84C0CB5701467192A6C61B7431A7C2E2CEE6E331A0320CDD8B829	0.0319303338171
EF7FB204F5152E1CB1EECB22C833A51EC9A910C9447CC1C9E9865790BA16B794	0.0286057511825
EFF007E45BC19D5157EDD2811A4C88D7EEB836DEC9ED75BC930F21A992766E41	0.507547169811
F05C8A4BC610BDAC1614501F47D5AB6195006F98AC442B912BDB624CC063D222	0.00432209691412
F06E2675588E38CC6E08D014713B802BC223D6602A3334B29D681DA99B09BC2B	0.0405711834283
F113F85FF9972AF31FFAEE209FBC0614EF1EE1FD39F9A08FF299B39FBB40C75F	0.0600299599066
973722340C579B84FD09A31E2470706B0D3FD36B4082A75B8D3A120826D6F72F	0.610927152318
97B320DA71EA195FE7872417382CF05511915C781D9A2DB1DA651C2C82DFA2C8	0.0842157409128
97BA5A3D5DB43A9D51DE86C5B6BDF6D2410D45730C7D6161D66798CD1A163979	0.162704309064
97C3482EB25EC06AC0F4BD16FA668A6FC68153B79B2AC8BD91C3EED2BE9F9337	0.0248750567924
98857F1E796DA628A034400DFF7B8B10A247C5F59342C5E7B290F47466FCAEFD	0.160517187007
9886399AE52C0D3AD1F19B67D33585F4F8A91763EBA752BF9BAAB8E60A2D52F0	0.287779237845
98B4F35C893AF301AABB8162D4F43D71CC54FB3376741B1A2A1E573C4286FCE9	0.0734328926092
9A0900D0117A8E6DC6BCD59FA86D87427D99C2E73B49E37D80D9D695827E46A2	0.142752023547
9A5574212805C319053DF7F379F1DE503E9253C9BB2B17B848CEC64C26BD7CCC	0.113868613139
9A7C51B6589069B7D17451E0353752FD22995B50460F53271D576DD501398632	0.281129653402
9BAD613962ED49F64EBD19FE10283E365B52ED6B26E9C529C0347A6CF3FFD865	0.00899744941869
9BF6E700CA7DCCE440AE6955B77EA9BAD64FCB518F20A15B00B0008B04E70B15	0.530651340996
9C12B6004C5312BA9BB5E005626DDC3027811BBAB8B36C17FA9AFD3D9880030E	0.0108795166016
9C20CFF8BC3FEEE4BED23DB833B39139CF8A055AE62281617AC31BBAADE9CBC6	0.0836212152002
9C3E31D52D3088761BDB14603E70E9C7DB667C9FDD1DC337C6936EB09BA58B56	0.294751009421
9C4097E7A298620CAE726C453B45EACE023D97DDAC8E4EA9A68948AC3444DBC9	0.530651340996
9D11FFE94173F36897BFA4F210B0742203B0088D2F7E8AC6A920C0C081301F58	0.0693457181855
9D1D0BF3371BEAF1FCFF64DCDF812E28B32826EE5EEADAB03E2B872407B0EF82	0.0512837150953
9D520FA6BE3EF950B307BD8E59670113CCE8E6B774471361D0398F618EBA68B1	0.0188249715436
9DCB706BCF5E1760D5F2C78B0A450E3904360C2F989DE2FF837B87018D077026	0.368686868687
9DF65A933E5E7098ACAB42804FB7D17743C0A11E977C6379D13849FAFEA76245	0.078125
9DFEAC9F9F1F6E61FD0AE953B4BB9421DDD2454EA22DE2D815BA325F84CFE765	0.0133402275078
9E2F04A93D7981086853FD8B6B9FF1DE6C231AA3EA33A02F5B7D38C02DF0882D	0.0177154740815
9F4DD729468868915064741B9182BF20B697AD99E31852CF5C27B39E1F76E60C	0.518957345972
9FE66A1E62E544D997172B9552D4E672506333BC3747999A276F5C06EACAA53F	0.00326438103614
A04A2FDE77386A39C5833FBFD6837D4AEF7773EE855FE949F936E5C224A191CB	0.0208502024291
A0A27BD6F5175C1F5BEC6CD09527422FF9D5FC6DD1EF488FFDF3D5AFCB4EE141	0.320175438596
A0C4352C1C8F2C1F91A54893192CA62AB5E4E175B28A8F17FC0625CCAD495B64	0.333841463415
A0EB10B82BDBBC1672934F09D8F7C4466E5C3519EC8AA8F780380AD6ECCC8208	0.51048951049
A162518DE78445ED4F7EB447E29B9691C7EFE10149C8DDEB6A17474A9311794E	0.0214080810547
A1970745C210E5FAF3167851BDCDEDF3FD95C4F9B6312189EE27E4A79DA39A34	0.458471760797
A1BF9B562D0FC9CF161A60B4B75D2E9EB17FFF2F8047E360A7B3A3B892653CDD	0.00428348307483
A21D8CAFF2157482B01B6C36855E8BD90C173E1999264F2A516811B7DF8297B6	0.182010582011
A310C2A3C205AD81883B9B1844A0B2AA9989F663C37F72CA5CD2FB07FC75C7BE	0.0301650540694
A36F3A00D0EF23DDF57F319D9F9571DC3AE84C7DF61AE8E592958E1CACA276DC	0.0427718660784
A3A1643AF2546C37D5BEEBEABB571870B93E60FB5E1C10B494D2670528811A97	0.3504
A3E84892FAE1ACEF82A20F97A608908F7C93587A8D44B9F5DB3F0A8894C69D0D	0.00505723457089
A4008468D8F4816B30B0D60F8539744AE6CC142C281ED9419B8E6C78B58D7398	0.453315290934
A41F5B2910ECB0B78915768A08A69430A52F5C6AA5AB7C5A6C8B5084BBEE95E2	0.421965317919
A4A811C5F403D85CD91339583677D70A05759B8510CBDC624488BEAD50368DC6	0.416349809886
A4F52C8A4F99D344B9253759F95627373D4CC53847A9A4C66BFCD3231F6DFF4F	0.130022321429
A55A19787A101C5FEE2903A235F3B022A666871327737BD2F505106693D9E384	0.11420204978
D34548FE1C942C2B7E2C8C5EF402A9EC92935A7D0EFE8575E4589ED917ECB3D6	0.398907103825
D39AFFC15A7C5F6CB26DE3CBBB635BFCE956481901EDDB0328A585236CC3588D	0.176755447942
D46AD29C31A95B42E999B59D617754974843B3FDEF4663D5E4DACA31D317BF42	0.00775863932052
D4A4ABE32ECDE042A2D663B21995D4E6F5193556C1C60228A8CCDF9D539BEC91	0.00352619345045
D4AC5646FDA2289FCD3B2CED4A9BD113E80B774758D14886302300CD57421E1C	0.481318681319
D59469883DB84A28BB42785B813B1DF1D26346C567FB121E8B870459EA52AB32	0.41320754717
D60B2BE13EC88215CAABC5CD0FD8A9061F4FF52C2EA51978F637D0A51830FE16	0.481318681319
D61EBE0FE3E51760DC4975E0FEC7F0FB9C3BF7ED18956C2D46D7555EC0EC1946	0.0708994708995
D65F76F275E8D40B444ABF9E7E6BE72EB49E7B8C20EC19A4052D9D3E57379970	0.395047169811
D669D460287E44F7EC5938FA0807A55CD41029F0281ADFB8BFAB011DDBB0C558	0.3504
D6721880A9F8A883005BE1C63AF2789BCE808883C9226D230DAB5382DF3DBF14	0.213035019455
D6C7C15570EEE495BB8438B2A09CBCC766EC8EFCD5C9570A07521EB3A3B62095	0.481318681319
D6EC4D0A887247CCB77DAD0B6DA0D3067853C885FA266231DBEE39E3D0C8412A	0.0160687156714
D785E05B3079144A96250BFB070CE56CA5FFB72B620B0B43B5AE2D6429A10FF2	0.0495544786619
D8C3478FD0309E7D55933F5F8FCD8D029428F07BDE80F84A55C9EB1B0C57E5CC	0.37181663837
D92A86A5E7A50E837020F6623DE1FBC372E9A14BB21C457C0DBEA9B957B8ECE7	0.451546391753
D99B1DB031C85417232617E7A417FC0C194F1B44C07910E2C8A21904D38B4FF4	0.248018120045
DA57881D1B27F4668D8C8727CDAE9C26E06E154926AD06D0E4A32177616BCB98	0.0428907896368
DA95820D8C3C5B92C581146A0921758061A358FE8F2357D5F81EB9B94EB4894A	0.301237964237
DAC62A64099E088CBB92C7B146B0A5E3AA27D1EB1546EE1D41235143579C02B9	0.610927152318
DB3B4B27F7259B52A51E958449BB88A24BF0F3EEE615F99E61C06FAD38FBFA72	0.262275449102
DBD3F3D29D86E20C4FE6D0C65CB1E68B775108A699135B60EF1652ED91E84CC6	0.0424673212457
DBD8417E4F50D0516CD4DC9729824BA7DCA0C8B934E774C697B92FA55FE08E0E	0.360197368421
DC40ACAB8AB318198382F3843D05CAA3442730F1E99A226385B6C783D3201332	0.004591946687
DC7A3C6A2D0891535C462A192106FBE6379D226B2C02621A120AC3B6AED2AEF7	0.186700767263
DC92D8398C1102E63BBF350E9A056BCC6F3D47AE02C98683FADB7E7014F6230E	0.0666533626023
DD2F0D976D71920120FF1C67BA7C13CEAA94908A990BBC4A9D2BD1DEC714DCAD	0.022006311244
DD38703E3F8B89BD0C809CD2090B5039996A8552BAE795091016A665AB6C06E9	0.0161960382925
DD619170E7D7A14DAC22F52571C5993A451BA8C418D541EFA2F5A21E056305CA	0.105597230237
DE4F132D1A420BAA5F5735FE9D6CFA366118437B2DE37884DBE416502D682E3F	0.344881889764
DEA6D786A0D0D0516A246E01FBC33A82C37AD9A02F8FC30452F2211BCD126C1E	0.22860125261
DF23870DA6B6044E5F7A8306CD185CA55DEEA24D8799E73B41DCC2214F2777E7	0.397459165154
DFE16DFDB531D9D5C3B8404B5493372BE9E680E12D778A718BBFE1CC94C71FAD	0.345425867508
E0622F87B2196D7B299A4DF8F4BFB6C485BB00ED02A24E138244D0582AA0A811	0.252304147465
E13B28C4DC31027C6C0B35B962207D3BD6F4A11E65DDE1D8BC917CAA4584097F	0.0115378889385
E15E0EA6D5A8E925EFDFE42E1E1E8C54E6D29A7C373A17711258E565932E6B0E	0.0515414258189
E1B0F69EEAF3DDACD5740A3453B94CA26166A4DFC23F999D2DB8420A72A13E39	0.007080078125
E1BE976970680D3A2DB56E08B6C7E48A726B1EE7AC36BDB2EE0069210CC591BF	0.329323308271
E1C82DF59C2A734668B3F45F42C7642A4B85662F9CC6106A75F6D9026258199D	0.486666666667
E20FE3308D43B8AD22EBA9DAC9AE63C1C56BED41F87A052936C11DEF1F5AA3B9	0.239606126915
889B2017E4B4CD4CD30F2942FF5C018FB4FF4755052EF67307A6DCC338FFC304	0.255244755245
88AA8C66C7A962B896B1A7D89AA05859C796F2AB5DF180A95CB75899B43C33AB	0.058951645375
8910DCC1EA20DD3A24876938138059FCF30631E14213C28BFFD964AC4D1D251A	0.356097560976
8921EC3F14EF9CF669C4B1C33782FEDDBAF03223F175856F33CBE99D444475BF	0.359016393443
89F98BB13504E2AC76EDEC4F2FC3FA00A6B9FA10E7164B6D9C6CC2ECE3CEE107	0.0158233642578
8A415181FFEF74F2F0CC0614DA25677046FA0B9FB995D1303D8121E7E798D3C2	0.386925795053
8A5737FEAD25E33739D211AEAA0DCB05DD0B16F3801BAB9952AEB0C0C5208BD8	0.0149383544922
8A8BF2B4DB27880EB0E6237EE1B54F4A6822D7CCC7763457C84CA8942C04D915	0.373702422145
8B21C6FCFADE90920DAB35C15639102B40E47033212E30630970769A75946CA5	0.0079451458424
8B3A462DA52DD4541AEC317DBFE796523C25F47BE95D689363BDA62339FF24EC	0.267726161369
8B3AB83196BCB8875D0D19D9415B8F5046F49D73F9F4D1946FB6A919273B1C8C	0.349840255591
8C85D46C24767DD8D1ED8FC94B1CAA68ECE21BC07E9FF987C1685F324F8EB960	0.0197296142578
8D34527487AB48C229D540A81A834AA094D913112C1472C1B70D9257939F5F03	0.0964200477327
8ECBA51AC99B4BEA93A890938D919053E0452373B0F3BB2122B57F6C5F3D0312	0.0799011947371
8ECF0E158ECF758AD58716A8A191F78ABD418B8F656AE61CB941ABEAB4FECD0B	0.00595092773438
8EDAC5B54CDB857D47CF46731B10A500E5435FF688BD0120A6C4BD700AC6D62C	0.351524879615
8F2F8CE3953CAEB57ED84410CDDC365753DC9A7535AEBB2EF2D15770DA563100	0.0350257542311
8F7D66E75C2D860347BD48A4C340E1AA23266E5DECDBB48EEE31DBF648A0A2B8	0.134543513081
8FDED1E8DCEED83BA6961395661A5B3D0079D14FEEF4A93C68ABBB2035EF48FD	0.0121002197266
8FF2768F2DA6AC3ACD1C866CE183C8FD91402E3BBE83B0C9B0CBB6C04C1BEC74	0.308016877637
9058D7D920277CA793FAB7D6944D0138B3615E37857A700F5C9347B1E5264B3F	0.0391272989542
90A21C6F8C30E6402E65CDB89BECAA72908379376DF7729EDFA40C1935E970FC	0.316473988439
90EE910BACAC43A27647826D54D553BDD0A936A703B0CB31E2984AB4CFFB3D6B	0.18763326226
9150276B0032C8D47894B5FC24FE76638B08206660C12D9EE9E037E706AEC698	0.443319838057
917824CEFC86FA92F18DFC4CF1FF847187684EBE810FE9762FAD676A86BD0221	0.0222802028671
91F1E9982AD107181580EDFF957FB810491DB6F9E36CD7E38E06718B563CC13F	0.288157894737
925094CD2CA671F81612FB6EA19AAE65143574B1DF3DE27FCE698D43F3110598	0.154761904762
92DA03526880D1BB7CDA74094EE208E25A83BE161679B1E7C17940F49797D70F	0.35960591133
92FAB8ECDA3A302402ADEAB36D3192C1C88CBEEEA1035F64D948617CC2476F83	0.046640755136
9334B1903F7A13DC60C980C7668803BE3B09A4CAE384AEC338487961C4AB788D	0.30359085963
9522C120AC88DFC8D15C55744B9A87133D6526BA36890AB44615AF771AABC029	0.0898520084567
9581B23BF5BE2AD6A15BD6597101DC3E1EF7E95C1EDFEDD7272FD8D397BB228B	0.395306859206
95FAA65D55803273D5BBB396F484406033AEF33CF95F6E3E7DDBA91DADACA3D2	0.435748792271
960462049607E47CD86E987F1DE0D2D406A693324C4F17E7CF11732025528B44	0.3504
96DCD4E465F5B56650721D4E358E45FA37EC9F585A4602B3DE47FD7BCA5F115B	0.352657004831
97091FE9381DCA059CC61F2999E65435F719FCA93A6378E2A363FA69B897F5F0	0.183673469388
C47C1B01D4773BB7A20A1D0264B49DE9DF34768D47F68E43AA805405CAF9F66D	0.0422515869141
C497924E32275FAEC912D85BD084553CC054D461964ACA40AECE799D01848CB8	0.324444444444
C5069DD67372C4AA8D15F2C879A5FE80D947BC29ADC18E626EE261EBB8E98451	0.0201873779297
C5B03BE78F3BA09C306F6F711BB20B349D0B44590D8B1D774A8C769C3383B525	0.0272106851
C629E86D27A039D4E7F43CDF34F26D308B863A64B600A676CEC104AFC41047C3	0.0113750065828
C6BFFC22BBC007084CDB664C2F8B4C60BE4D566AE4407DCDD8E299D38432BF70	0.261025029797
C753387715DE249BE276266EE7592FC616B4B8A71F3922BFDAC998DF6BDDBE53	0.340062111801
C7649FDD5B480190FC2C9003E808A27A2C95152E6658514F84BC00B0820C21C3	0.0642498205312
C7F005B47E38ABD9708926017AD67991C939710E22DF60C040FFF0BF8646F6E2	0.0718210361068
C7FEC662CF49E3D5D1A4DEC6E75FA4EE5CDB75F272D2698F983B3F68627B6F3F	0.423267326733
C9852E3E7BD032EA0A4D082BDB8B1D8A2E66134269E645AB788FD2C9B9AE7BF6	0.0710121886592
C9AA097DAB6B2C3D79C43792E5816C2166389B525BC5A0994B9FE35BD6FE37B8	0.0340078556158
CA1EC421223F1C06899A79506B9D5D034424ED2DAF391BB4B92274FFD893BD89	0.0250353062011
CA36801330AC6009AC9A0C4616C18EA3D387D54D9BE2E7BB864E22A6BEE122A6	0.0176409185804
CACF7C3BF7188266C76107230E167341D38E7D6E115D9C377CE8060B38CBDE54	0.229423868313
CAE12E62D94464152B056D1389412665D7D8E3227E79D7043A222992E9D32811	0.213035019455
CB10B2CC84D22D1753AD3C543B919A2E698278A291E310BED416F72D604DBED4	0.241127348643
CB27D784DF2F5DC8BBFB95134CEC91BFAE550AE214A7BAFA9B866BEF3B1686C7	0.00794731554861
CC6F1D95E16E402691DDB4EFA147192AD474426CF82BD9E6B38B75B3CC2BB503	0.021454674054
CD217FB7F82AE4D18DB13FB167B7DCC787EB7FB3651C4F89B6E37A00C39740D9	0.345971563981
CD419C6EC6E7B19C66889650E55970E55FF09B27F3402C1EFB5A6AC39E406A74	0.0649488175079
CD6FBC615977D0A2BDFC4E0BB4E6A35F6DDD64FB48BC1A0BB9F686430C8F5B02	0.00726544159314
CE1632EC423AB2278A088B8256115629BF0D1D65104706FCE16E76855E8E90F8	0.0693588633702
CE274C1CA5D3C6B244726CA15651AE2387FB85F391C3825CBBA3DD8D4E5AA014	0.0205172162241
CE29C158099DBFFCB5E1799DEDE18A22F40F1094451FAF3CE65EEDD71B01D997	0.339534883721
CE5B6117248008031FC7FDEEF54379E976FDCD7439D823BBA7826EA02491F0FE	0.088925259138
CE903270D8A678492596522DCB9BA668E5C5F822D50CAB898E33E6AB01656C84	0.15561694291
CEA36E0CB24B35274080B4867658A6AACA9CC06191D47DB44185437425631B9F	0.352657004831
CF4A6989C9A4411653197D4A4274164B325FB165481CE389FFFEB087F4B3D7BC	0.0680761099366
CF4D9A4BB8F4B17101FBFDECC752203F74D136262CED8C49669B17D2BADB16E8	0.246329526917
CF5380FB4B213349523AC72F1E0A73C38E7B4628B20F78F24B5958C61D70F5D8	0.00952891805762
CFE68323C5B67AB8104FD107DC40E5DC07CA2A662840CD1156CAB75B336D7024	0.0543889021765
D02E4B4A5B063158AAFE3144C73E18D5C6F4DE8DC003CD9EADBE04C9736C5FFD	0.0189056396484
D02F296011926BBCFB587D733AF6E3D27E0B5055B8B9D890C60040B95DE2990F	0.0836531082118
D0588D612643D551E56494E7608491230665E5C5B771D49659F6A9636AA99612	0.604693140794
D0A5F1C69380DE95B1B579E5601FEBA4C58804D0B5AF7B1B616BFFF16910C826	0.174257425743
D0BA4B118287DC35D5130903D4FC073091F4E65BF9FB7DE9F7C57F731F748A38	0.345971563981
D1322CDA299E0F2781598CE3B51A1E365CCAC0F19486E0CABCF5E65AA123B80B	0.0268402099609
D147CF1E9538B0159B5A67197A4DB0258A70B8C1FEA6F8048C2ABF2F06656031	0.00901794433594
D1595186D2B55236BD132F3D707266673F113EE734FED30AECECBB2DE4CD42A8	0.253179190751
D1967890A6B920A870459AF107FD2E920AD48E9170912A1958BEC69E8D24AB33	0.281129653402
D1AA1CAD42356BA06EACD1B04066A6C9E5714AA18C03B156252F9EA0A82E362F	0.410881801126
D1C644A9EFC02EA80F65A8D8E8C3EA8843091A48DD6682C647D429483B1735EA	0.0287628173828
D1C74E70D70643479584FEEC808EC9C70F808699BFEC59EC07BC596DF70A3386	0.0837518534462
D1DC3900E84780FD6A2C673742C03F78E527E1417C4B18C8C5DBB2C1916A2B04	0.195652173913
D26A886AAB88913B0B7D87EE7640CE9BEECE83330DA17078455B93752B3897FB	0.514084507042
D281718F512AFDA2C667BB17522925EC34C3993AB0EC4FEFDAEF102BC995AD83	0.316017316017
D2B2319C8325B12D8FB7300B15729BA9D9F3A7DDFE1F4733AFB92AB418F7D2CF	0.0900552486188
7918AC48FFDE61766620A86AA8422A80E668639B59E2C013A29C7955DEE20987	0.180862250263
793EAF1AB4452EAB5BEF2C4D2EE04620A1DCEB13EB57141CC8CF381927D84B93	0.0643128155279
79CB8FA54255CD528E3891E55B55DEC19F4E56F26C2D3118A6E7E6F637C35525	0.0256725595696
7B0E2BBA0CE8E5168E24C394106ABE5990970807C092E8D0F9F17E271DE106C2	0.337442218798
7B3E74F9B89E05F469B5DFFFECB2083CBC7E26A8CD230ACF5D935064C829A45E	0.352090032154
7B63ABB0E2440E1F338FBBEBBA88AA6F7C4EF8DF2A4BC0434C9C1B5E66804BA0	0.389679715302
7B7C835E66252B5357B291A22A00251042C04705033DC511828042825C1CB71B	0.0267444899381
7BE32D28D129D7BC89ED8311FE270BE26EBC52A86539C39AD9674C66834AE747	0.332321699545
7BEFB51F6B7696BE5468564FF9A811479C9022BE915ADFFA09BDCA74AF32A46C	0.170377541142
7BFFB25A536B4490FD8D876585668C01E5FCCD3992FB9FC72853C4A444078F25	0.0129554032196
7D6FDB58025749A8480684B8BD3F9528818CBE261132268678AB03721DE58C69	0.295945945946
7DAD7922550AAD9E32CB936878524C7CBA52125867B0B4958772E332B5CA71C5	0.00737848114274
7DD87A016D6CBAA2370C248580F1CC5274D29A6892E60EA58E86ED3C2D285E0D	0.0147749510763
7E108FDDEBE8DDC741CCF5595ECDAF94D9E2C33D957E0217860D23A302C217A0	0.413988657845
7E8D4A1185C02C4FF9E7C1C20FB9DEA33F8BD511E0D01C0CC9321A6BA8973128	0.0981244903506
7F3DE508D9E9883BB4D751E6EF0B4678B35C27E9E03B58863F6FF54E206551A4	0.0542601462062
7F647AB6916CCA1F0CC747E7A6AD8AC99798C9F0CEB000D2EDCCC9257C100E5F	0.528625954198
7F97AEE341FD7B57F4DF01E0B951190977F0730411076F0959FE189C29C5F444	0.0075134889819
8061462F6C56B40A776F7BB170E9092AC5AC8C61B04966EDB21F27851EAA73E5	0.229423868313
80E5E5A5BC40A9CF3E68AE164019948DB4990F6FC07316400DEE2122A55836C2	0.0522173161835
822F4B9B4A90C0585A569CAADCB6C01A5CEED2CD88A2D73F17DCE8A16EB9551C	0.289682539683
8282B630DF43D21393A454D1408553C6B0814DEFA6BD86E0EACC9A019A78E2F2	0.481318681319
82B214ADFBCA82925ADC2929841116FC34900EFA22420D9B182BE65FA4C5E72A	0.0395742214259
83123780C7AE9896C8DC9CD5471009B3E01AD60BB90F7F8D3E6EB99B9DDD1A7C	0.01513671875
833459991B2102F7E2B6F6C16E167D3BC446122DD80EBC2483D88823055CABD6	0.342723004695
83FC4D740356D1217F7EFDDEEFD64934B90D607F7BF8D6C42B5450DF3E61AB4D	0.00221882172915
84B996BC7DE3EC7E6198ACE5E579AC28150134955E14390B48AD77C8BA314785	0.369932432432
84D105EA8E29714ED45B5C630192FDEBF6E6D3B44D14BAEF3987EAFC702E7D81	0.348214285714
8504096856E0389B60AD067489ED9A6156BC3F15BDF02DCC93B975A6EA3C35DC	0.37181663837
859A9761931FBCD0B7EE874CD2A2F1C550A4E334C61F84D70F5F31D3E70DF31B	0.18064516129
860DA21A4499928446E92139BA0E44A001E44F2CF9321F92BC86A71447987481	0.366834170854
8621AEA279669F75FDFD9FCD000F936507E7020226F49F7F6E8B9C32439CBC05	0.252013808976
8672390EE196F037F70CA5E6104636FEC5834F193AE4D6C792FD60B21A3DB3F6	0.0433123449723
86776AC5FE7E604C9620CA750DF5CC4821BEA92EC0E33F98EC2A99FB75A47339	0.00357093168854
870037FCBCFFA746D0AD2B9919992FC9FEF609267980A7AE569CA9DA3E2B3A11	0.343260188088
8798894CA757BF7C35B58117AE4926F003FB684A82CE362A639406BC4F25C5BF	0.157622739018
