F175A271078D97C1DE4548A214F78E9066DA936C00BC7E8ACD270302BDB2D254	0.00531627033394
F1B4699E311DE2BDFCDB9E712D688E03967566BD67B8FA92CC78749D91C03A7E	0.00541276375069
F22267E39B5208A4544EB324D81885BB775C82305E56EBB90CFD2DFD9C4AC52F	0.0258513931889
F23423550E38267D27B534641FF6C34B5E53A500B625235078BD20C7E0395634	0.0338056680162
F2348FC1C827189E8F5BB0E717AED2020CFCF79B9B9BBE95F1B530C104D67C7E	0.0347121180628
F24169929057732F40EFC1392A2C5387C2FBD4FD55AF68547FDD8A9348BA9FA4	0.0293394237526
F2935001D0132026A90F8C691814D16437D3D9ED6F4FE68B2157CDEA53151527	0.0346329323932
F2C8875BF7B6EE25254CAEFD557D785A955A8E8CE0CBCC1B551B88892673FA10	0.0286941580756
F38036F6CEE3FF7A1E6667CBD11150F655C861D3775015E55E44CC046A0BD6B3	0.0346616853466
F3B3ED847AC540F69AD7D1CC97BC8C858334532A7CAE54FD229C15C2BECB615D	0.02478848152
F3D5CD6EE2970368C65F3978520D27665E08268E7D51C317EAD41652A4858704	0.0346473029046
F44CF7B8742CBC2F66A7A445228AC848E61D86A86547118BE016F1FFC11BF952	0.00409383962935
F46C074F598CF57FBFEF3D082F6FFF329525E334CF574B9C8E352EEE3957C80A	0.0347049044057
F4ADE14D50213D82D496B5669B5CE3D41E7C1F6000339265CA77B0063D5954B3	0.0347049044057
F516FADC973D6655CC5F6390B66C8C7F4851C148D8F7B11FFDD3375E71393BC9	0.0335948501308
F51C54A5D65C23185B2CF5E83857CFC6A6E3D7EF8A57A63F7458DD33775369C6	0.030636580444
F558815B887F19BDEC48D58EBA84BD8C9898022804C0984ED5E30581EFC9E420	0.0328610783156
F6C6C364A2B0F1AB8B1BCFCCDE374D795A70732FE012CAFC9A8EDA488ACA8AAA	0.0347410027044
F6FA8BBD80386F1BA5E559A7D39556F381DAE9EF5EE4E655FE22A3FFC92EEC84	0.0321710653053
F709D0F0532DB12E71B20F7D723494AA75B5C0F1F89A35C55F5E4CF2E1A3D522	0.0347626977519
F7A37DFF4D2098F7B157BAA3D1D96AD4A06B23C241C475C9C93EC9D7DF6F6A30	0.0347265543772
F7B34A35E8FECD304369A83B72A54E146D4C88DD6B528DA3BC74A8C5DD98F57A	0.0346760797342
F7CF21234A8BD03927FCB0244B6E2C7AA30F411F052C9A282FA6CB97075706BB	0.034475639967
F8070538D6432FAFCEBC1DB809C8403E7BC0C01A9CDB0991861530C78B89440F	0.0330039525692
F848EA6E68DCAB9461059688D90DAFFD3A4B7C27C28617D3E75EE04F6335DB18	0.0256607252612
F886FA2AAEA34F4A988CF34CC85952C8CC37F5AD8F86E164BFBB18485427CACC	0.0337646583097
F8C559D748DCF9B095ECBD776473FEC4E2B1AB258F0616AEB8A9C38DB31C7771	0.00394491295207
F8CCDAA5492B3893E413B3CB928B50DECA6CC88A381C0A5C47543948F1E3CD1F	0.0211767689576
F96D79A4202C13AB8AE00EC1E2385CEDB64F36D87D5687A26627D16BDDA5F1FA	0.0286252999657
F9EE4C0F04ABA12FB3033C1A659ED8E0575DDC561997A0907B7906D401A5A8F7	0.0345827293435
B5A6046D758EB3075DA74E9D10CB44F979DE3D9A2DBF0C53E35858AAEB472CF9	0.00511125394056
B5ED0B9CC5F0740AA0953B05C126957172180D1C51B9C32FBC05993762430BDE	0.0299283154122
B6615564A1B986F118C5569F30027017A1BF7E3AED472C622D8B6586F4516B22	0.00264856549252
B67FB04C820E320EBBA7C1A2D505AFB582613C66B167C259F8245E855219B913	0.0347193347193
B68578FBAC8269C1B35404334254E7B335EFEC06324BA5CE10425319AB8B6B8A	0.0346544926333
B6B26D05DB153456127A97272FEA8D22F612250C9E683E3000A05C44582133BF	0.00451192824143
B6CA0D1CCF67470C5B3FF3E82D5AB8A65C97DC2ADB861AC693DEE9BAAAFA1CCA	0.0338193600648
B6DE6CCCDABF720E8C8E26DEFF26F9E19CCE6E15246F265D191703CF5B76A3D6	0.0347844199125
B72C7F2BCCEB1E1EFB99B127BFDC05BB40934FBD85FD307CD032FA256365532E	0.00517781291663
B73661B685AB136B97E6FBFD4677EEFB1F8481BBF312E9C996A748AC88EB6651	0.0043160261546
B799D095E066C40D977D9AC27B04F8839291E1C9D9520BFC26F1E18462B3E9B4	0.0347626977519
B7A038268D307AE10304E7672ABA38515B1F3022B54F7BCA393049AD6A27850E	0.0347482313774
B7A55A56650B7EAF84D01CA940B4EA408A991E633E02D02C33C9D789B81FAA68	0.0299283154122
B7A56B9177EF8A5C3DABB6099E92245BB15EEB1BBD536394F5BC93166F5E3F14	0.0251014579889
B80143B25BFEF98F234EAE1693A25BAC234F62FD5E56F74796DA8400AF7579E7	0.0316108271815
B8988C369CCCD0CBAACC0A4492423DF21B9A942660F0822950959C81A764E226	0.00430046609842
B8A9AE5A3ED41C057EE5E80CAAA7FCD4D5E8C2100AF61FB85FAB751A8B43B689	0.0135584963871
B8BE7FA7CA1009621089FCC7E443F256FB88398D2A095218DC64450D71DC9A16	0.0347193347193
B8C316BAB0EFF5E87DEECA821D42CF2B65EE0C53D7F3DEDFD9BE431B6ECDDC94	0.0293394237526
B9185BC94FBE08B890D24A40224661FD78C5B05E8FBB3815C85724B4F268C93F	0.0345755693582
B929253FE30BA2606188BA43286065430B31A7CBC47E7198BB4B7A50996795DA	0.0254884004884
B9C5799A9D9094A18FC6EE3760A7AA16C2D31B1C37D92855B21969CF098CFE71	0.0347337770383
BA2E9F428FC47BEFA0835F7268AC458C07E0DF7AB0F37D10FC56792D92E8D092	0.033682936668
BAA76168FE41EB316EF956FF0B5855BD8A81D9833BA6E018A8D62D82494E9E54	0.0347482313774
BADDA0738B3FE59AE55A04571A76BD930663628C0D81E3D3AF3F4C8769010045	0.00712670166005
BAE0DD63647AF8484322CA4EEB69DEBA1319861310B90CD389CFF6605893868C	0.00511125394056
BAE1ADCD8C99B4516C23B982B943CB47F3BBE9EBB1C38911ACEDB489CC44F1E3	0.0328481510622
BAE396CD53D1844C53A70E92F1E5DCBD0046FDE594208FB3F5E624970D73EC3F	0.051169095222
BB3B3384A2CB0A682DD11942348AD945A5C7C43E307BA3DF6192408854F53709	0.031563031563
BB592DED7EA9F333E3C500D0B7A3B39627D292D5B9B2D0EEB383440F2D5BBC9F	0.0171229365323
BB5F53E0A9DAD582BAF2496F27AC9672E8652C91BA946C7325CC2D9BA9E20279	0.0218101083975
BB7A29E4C35A6E147B1FEDF63C61099A70A6BAFE510F0070E47792EB56B7E7E5	0.0334267413931
BBA5CD74DCE51A90632A4F2E186314E4074E397DF847925FC02984E2AAAB1992	0.0347771761766
BBEF9A086C5993EB80BE0EAE3EFFFD4017438A4A0D01A4649E06F883A52D5DC5	0.0252877044216
BC823070E7F907469D5DCAD4610A8E131996BA427C2D12036E85C63F03A345DC	0.00484156205607
BCBD482CA8E657BE106B302A2F89AC39907C6A4E01AF488745ADD90643C2768B	0.0346616853466
BD5810447809D0359E13CD3AA280B11B74D1F72ED4D73F351000C4A13F71540D	0.00855839696613
BD7B3E41EFC5F0559BD8D4A9F9F5771F4B3F99DEB3F9E6CF2F8EDA2F43B89859	0.0302153066763
BD9DF080A89E21D01D409AB6A08601C8DB1684242D35B3488221247928594AC1	0.00504638443175
BDA97A29219C49CD74DBE98857760C0B93FFB98EEC5AC4B19981F6FECB897C11	0.0235377026075
BDE41C958D65B06DF000B5CCA3998703B14F701BB7B94C11342E080549296ADF	0.0269746406073
BDF919AC52F65E655F79ECCA2CEA3BD0139DAD835484E82EB1EFD2239CAA7AC4	0.00580808959065
BE04011955921D6068EEFA8474C78420AB5A1FF641CAF005771D24879BAAE97A	0.034769935457
BE3BE6C303D4A2378AB107D33D2AADD4A60BA6941B2AF390BF55B7AEA671154C	0.0346976937461
BE5C68876837AA9995024385AAA840EB95187936D160FDE4D3E27113614079A8	0.00327367533766
BE90760469BE0CA3DA564CF2E47FE0272CF2F6754232EAF4B89276864F37BEE5	0.0269224568757
BEB3CE77C811FE25144FBF5D9D5CBC1DB5BA4A4506EB347E07BB4D6F1DA7A32C	0.0334066813363
BF408C3D11F0B74AC4268BEDE9EEEAE70E91B75BABFC38CC3DA31D4CB3B705F8	0.0346760797342
BFCD95D24E62231A264B45A91DAE6E589671CC1BE379AB921ADCD892BF0CB611	0.0293600562588
C0269B0A077A0FE8B9AACE7952DBEA4B5E4970BF019503969960B23DD74DBF48	0.0318216463415
C0614B949FCBB391734556D19D646F777559DE5B5335BAAC6D68BFA431B2B052	0.03483521068
C0742830F059E0918114D7FDC2D765C526F543DDF719F9F05D5503F4A44372BE	0.0346616853466
C0EACA9FD2CE6EA8E2D93660FF2D5FD57C0CC6010F7EDCA4C4AA2310F11DEB7B	0.00610536321427
C0EC7127C3B7C4041EF9D92428FCA1F563BA4560BCBCE87E64170FF0A797121F	0.0346616853466
C144F45A8C5981F28D04EE13B9D5D6D6BC6535E0A29A83FEDEEA55EC7C439AEF	0.00762800895263
C148109822260FBDF8DBF34EE3792C2410D789221CD92A1D2F5438A219A9C1D9	0.0284594410361
C1CDC19FF17BB122B8725E864A70FD868915FB50A1BA84A09BEF2A9DADCFD739	0.0318155839207
C1E0C40A9F0DF6A62750D9CD4C255C42A862EB5C7B6022E7EFE754C35234C9BE	0.00983452093516
C1F412F940BE9479C9673B6AD636AAEE4AB358218A939DB244EB46109F5E0D7E	0.0346544926333
C205A93F97EB19650A29258EA5F64C5C89DEF95A738B03F340D00FF8A6F52EAE	0.00361057661125
C212A98751F90AEF23986F56EF6F66613DF71C5302DCE434999ABD1783C93445	0.0346616853466
C21774DD044605C31ADAA82A7A81BB7E03175A3875752F6AC3E256118D55D548	0.0192462832776
C27DDB329357160684339EE5CDBC37EA31EC7736E97E1E028D7E9A52DA00131B	0.0347265543772
C2BD872A5852BAD42266CD95D294E2BE58CF4C48A9C1173C6B5626A3D77DDFD4	0.0347121180628
C2C8AB6ED81CF319FB749A83FFB937BE9D95E7CE52B096E1B4EEE11E8215A1FF	0.0248179521474
C30B2DFF6C346A16FED5B7DFF9FFC2EB9A7D1AB6475176D74DB518333DCDE3FA	0.0262578616352
C357F819C3657F219689E9AE2EB0D889790FCD8716000597D19D856A358437FB	0.0278844548339
C35E644BF4A4E33B8F430793A7DD7EABB4B5D71D08F838A6A87396E943AEF00C	0.0347121180628
C4650FDCF3BCC5D5818A622A969155732DB32831F8D0B49F1AAFAE189D3DA7A1	0.0295209474987
69CD2C899728D0EAF0464C4FD7A5FD8AC2B1C2CFEBC4256204E54E8D307F34CD	0.00654055535973
69D30522BAA72A50293760464AED0CF12CEA8D7E51AA184093CCA32E6274D3E5	0.0299283154122
69D8B16752450ACFFD6472295DF9B68DE273EC337660819953179C6A1697387A	0.0347554630593
69EB082B79FE044F13006A06E6176B9B3CA8965DEB4C8614EE1EEC035B15F118	0.0347049044057
6A10D65BB201C9AAF57937F439FFA241549640B44D66DAC7E7A51EA02384ED18	0.0347410027044
6A52254DDFD0144725F643DC463E3DD221AA776ABD917C786394662AE5FDB4B8	0.0329258675079
6AF0AC5BBF0BFC42050752F20C1808461384766FAF93E4DA04B03653B151335D	0.0346832814123
6B83A0E143AC651872F95FFEE5452EB32F9AA46D14FD3E3E5CA06E59C7EF89F1	0.0320783711103
6BE4A5A77FFB67C25C2283C588658135F74AF954F8880535ADEEE6F6F66E5E72	0.0095140431835
6C454BD2B07BD99F7AEB60BC044643F72A70B5C63FC8FB1AAA8E79D922CEE9A0	0.0310986964618
6CDF87AD7BBD57EC7B5BD45F27B5D39ACBA1E02C41DB85C28829BFB45632C164	0.00230988409085
6CE5BD2A52CE47885E6106D0972F950A578FEEE72131C01E5DDE7551FE63BE01	0.00316299859843
6D0A314729E6E57B2BA72D0B744E8CD47247FD50B63475EC2EEE609585E717ED	0.03483521068
6D2AF2B7BF676962B4A528B275941024D26CA8470916C81C03AB5F21AC2C333E	0.0313909774436
6D806029F2350D311D1846C48E8169F26B23DB059337215109ECCE983B98615A	0.00743875278396
6DE386092E54848E271844335BDC42730484DF4BA6A97BE0479FB70F4C6E187D	0.0348134250573
6E2CAD9064750C70F52DE3EF6AC45E78BA4F790A24C36AC4A1D2557F590B034F	0.0346688810463
6E329530DB7B2491CBC9A7CD45BB0FE4D67B8E89924B462A5386510241B90BC2	0.0347482313774
6E6DE6ED9B080085FF1ECF2E3E4D1F69C1B8DFF35F428DD1C1834266E0F90D65	0.0347265543772
6E83CADADB8E2E90824A9EE124A87CEEE310A33D7608E6B8CA60469340C160B6	0.00273353739381
6E8781A2A7D958631DFD887D6E07B986210B467CE00FBC71A27A183BCBF75626	0.0337988261486
6EF14F889AC63790E6C35B0E37E0F20E99EBE71BB620E0BA1662433F798F1B49	0.0116514337543
6F7C00B3A0E50F474173E8A83F4AF096318BB37BF5590C50B965B3859FFBF6AE	0.0347121180628
6F7F6E699CFB2354E2EDA111312370D7A2DE20628EBA8B70B2D3F19A79888591	0.0306928873369
6FC80B9394E0AAF297D4997803731CA8281164AF6039B61810A0530CC0A8DB56	0.0328610783156
6FDAFE799D31E439FAF415630970A90258AD66D615CEC0FD9F685D833516A2B8	0.0182513661202
6FE592F82A4F2328BF39A44C26CA10D9DB2807E8A81619EF0F5E42128450EA43	0.0231398087848
7014E65B6403DCB2BC490E807616D16AF477082160471E3CBC1C819D7791DF96	0.00467093670461
7082722881943C9F5AB82A0F75E89A145E9DF3D73AE90595B3E4B6CF72F84DDD	0.0346329323932
7087DE686708D4CCC3F39E94370EF80C9EA29D754645DD738B560170BFDA91B3	0.0347121180628
71AA63B54DE71ED9651BC4CF48C11A9434BF672F083ABF6B33815C6C6FAF85ED	0.0276078690693
724CE8215B64B08F47D167F91E4015DED43E7864160EC8B3A1458A8DCF5BF736	0.0325409197194
7265B69273A0A7506E44E6BDEF8CF54EDA52437C89043C6A75E8CF03C9A5F275	0.00350450129058
727A0D563984DAC24183B0A29B9C95E853EB88D0CB59DC9BA48F05860DE588A1	0.0115819404952
7305E8E43CF95230730EF016675FF73168EA85FAFB89959FD1CC1E540132B089	0.0180794630291
73EB28619A4B2F8B92D7CE02170A6A8B276C665543D7866556806A6D64E2DEDC	0.00335354833527
73F5B5EA9319D3722723424BAEAE44F6550BE9640490E3A4CC3D9F721758A887	0.0346616853466
741C144DC73D414650E04466457B64A999336B94BFACFAAE86D73E8AE1CC1AB1	0.00820517859775
7439A94E06CA508999B64E1B133E078B5604C681C98A32CB0F9BAD3F46F39D8B	0.0265881229104
743FCF2599D709E20184AD9A0760335637B4E6D9206C1C56FF43F0E8EED38C5B	0.00388074268585
744C90AC9659361450CD58C192DE02BCB784CCF1C1A81BCF9EA0FFA4E0B50530	0.0301661849711
748447E9A6D9E46A24DB8848A984FE6ECA3F43182DB0F1A5FD26E1421D5E0480	0.122141662019
7491F3BA96BD69DA5E6EFFF0A837C2BB247ABDF359C72282C4CBA1B3E34154CE	0.0318216463415
751BB243CCFA6D2558B22AD34ECD3C8FC40D1191CFE25124A2371C98A91E22F4	0.033635448137
753464940BB26008E26353C27EF680C8B4D868326CB910FB8C6ABB19FA29842B	0.0347337770383
756149292C416482723E5FE2DC1592C8321EB12FCFE67DDFA092A769DA650A1A	0.0302645886191
75BE672B42E13E7E85B746BF2AE3F13E997EA1D1A6CC6CF4DB1C343C643D9612	0.0347626977519
76419ACA5167ED76B71D07460022092A479E560E50A4D21C57B34E187E4B5D2A	0.00415702088467
7647A11EA289649EAA18E9584F380063541F7D481AD0B5E268295744EE1B6E37	0.0280577956989
764BFF5088CFEBD60855CAC277F3DFDE2F978A169B20688A31DD2EBC28CE3889	0.0345612582781
766861EBECF04A79F31F83301AF2EC4156BB83D4F86F0C9F1BEADC844ED6ED7C	0.033682936668
76B13232BBD5E9545801361BFB48C8139AAE31A73BA68694CE35F963290A324C	0.00569713096578
77518F90ED792D94E9F1DA5B33D5DED438B73554E0B1EE823B0D0BEB2BFB605D	0.0346616853466
77577C185D051C84DBD4BDE3BE40D62694B8FF45E3DD4C457B8774A8725DAF07	0.0202448781671
77CE5F7809B930D96A3FC07B91ED2C69136BD2D104AAA58AD2C5274E37A0E35C	0.0217221644121
788E98D3AD67C44051CE85378F0FE8753CBE29F71F0447C49624EBADA7EC73DE	0.00384323291833
78A9904575287AFB075C302FD310B7AF1F52C9E361886EB3748F1B2C309E6D7D	0.0265881229104
A64B5D85E28686F4568BF9AD6A96D6703698E84BDD3D37C8AB55E7F9FC110EB9	0.0347626977519
A67FD9CF96895BD5382422C79DD72FC5CEC359DA983807A46FC2711ED2E5F868	0.00595301750258
A685596AB164BD531AD492B19B804A45907D9F1ABBA5349C806FAFE10A0F4E7F	0.0277132426153
A69B0888860D7F52DA12492746779963F16DCA2EB71D9C60BEE00CA8D2E759C1	0.00317774437235
A75C12D4779290CC7208037FE4318E2DC90E601A12F895A576E1239BF86EA537	0.0337919870498
A7A69CF95B7018931292B561750ADAFC3638432EFD64CAA509581DC0D777B359	0.0310813325889
A7A9CAB5D39844BABDE48168FF7F09BFCF2FE75B60C50EAA9A98653619731AD1	0.00461670306582
A7C8A9F26DFF3231560B5955820AE2864B642677C5F15488434F10E4790BED1B	0.0346401161585
A7D604F0666A53C9DFDC48B12A77233DA2D2E5ABEBF5029258297B843E41BE94	0.00513324931608
A7E6FE166ACF539661FDAE68E5AA9C86EAA8C61CAE17FDA9BAB3384711D2DDDD	0.0348206839033
A7E95535DAA58FE6D9A96759930433B113446BF4AA39C715CB2F54D1081FE426	0.0347265543772
A80B22C45450E9383656FA9C692992171D958FA5D9EBA446BAE58E54FDE2004E	0.0346544926333
A8265CEE792E15841B46480C627776C93AA8A6015AF264A5187F5AD13D91A5C6	0.00551282474499
A8475A37CB7963E3F11CD3F7187DF9C8D3A5B130A7CF94302184C13A98957F59	0.0347482313774
A84FC619B057D9DAC66E406930E758DC3D1DEE7866A022885480EFE72C1C8860	0.0336625680306
A8D4D05C32152E7A03179C5B3A95A8D48077BE99E104DB01C650981868DC372D	0.00672492248218
A90CA8343785A6BE96FFAE7984B92F6B440E2FEAFB2E20DBF80DB648C6BDAC7C	0.0337578330301
A9A7E23697C8EB1F67D7FDA2572F5507F29C576583D652B909F928878BC24BFD	0.0313615023474
A9CF82A879BDB07C5450D050806F7E1F283445FA39F4E45DB5491ACB1776BE59	0.0207840696951
AA23E8677C37D4F9A8C30E619B66CA9EB59113A85514CAC3DE053792C08CFC4B	0.0311974593686
AA62CAE82E9B7F461D16AAADCCA9139EB3253A8A19A067A3FB32824263755501	0.0346329323932
AB224D08E853AE5EEE21FFA63AF672217859010DB00356226C3FDEBFF830EFA8	0.0235012665353
ABC53846AB84D6D5D2662B6976CA1B5E84E4F70AA829727909B07D623659F47E	0.0347916666667
ACAC4AD82BEC6DD0921B276007BDBB951511BF6C2D5A507FEA3B29B347B8F43E	0.0348061692372
ACE69D2A36A98E5E2C3877B2064295C5A8C69A1971981D304C09D8F47B728479	0.0346904860823
AD1A56103B3F78096FB0E6CEEED5D670473ACB4EA488293478E52335A66F6323	0.0346401161585
AD4CF91E30E8A5F82D9395BAA9F87EFAAE0D56539498F2C98B20F757067B445C	0.0340955492038
ADAD6937F932F550E4507A0D58DA8FA5EED46DD420DB63B3A5E18493D00301BA	0.0312266267764
AE3CA30B53CBAA06686C799134319457C700BC82E4D1B09496F7FAD23B44C993	0.0347554630593
AE3CFD6C33F5EA369514F619F96FBAB07792B9B1FFE506E6371AB8B516F91784	0.00454632074701
AE5BCB90800B90B6EC3D7CA98CACF04C609D45657767E4C77C894A7B5E39B06F	0.0347771761766
AE5E35D0B7285C193662C4973DF0DC68234F5372AA217BD92EA5C42FE66EE410	0.0327965435978
AE825F6336BBAF6C30BF992B9C322AAEF9FB6832A2943BA311E32370EB965222	0.0299283154122
AEB26C1A25FD5DDBE34D07251C9754318E57698D1A89745E2F65600F7C9D6378	0.0323204954519
AEF7731FD06F428F8BBECF6E351A01EDA5485D172F782F348D217AE9CE8B3FFB	0.0327515199059
AF246D27A3BE611D547D7730522451F1AC75DC8CA75FEEDFE4B81B5EBC934B7E	0.0187872651592
AF593E7BF9A3C3D9FF78BDB745E95B305673649252C75F1B61311E561A19ADE8	0.00712670166005
AFB8D04C21F530A068B6FA8A2E6227210825FA1C5F080C09FCC29997AEF3041A	0.0034637960716
AFF65D128B7B58F49FC055B16C43AC49A80232309F83458E1259E4815CF1E221	0.0335610932476
B0B008D3F164AE6117C46228BEAE25E0E77D88C266ADB10D6F2FAEBE7FE27B55	0.0347337770383
B0DC94C8C2F2615DCD6EA65815DF3ADD73AE217714EF290C8F255DF3FEB88565	0.0297629656033
B0DFEE06C934EBBA127A9DC47FDD5BBF8A9EB595152E2BDCA7E7AE3162CE93AA	0.0259800871189
B0F84E1FF2322831D212F338B9A486CE85FF7A4F4E1E0A7CBDD4685A14ED2D2D	0.0346401161585
B0F9661B9DD493AC9881FC17C0D97A6029FDA6D03EA91AC6CCA5D6A40B5E0308	0.0029353347512
B1017A1797A495D4BA2545F7A26F3BBBDC3B905205E1F3AC91766E5D626E0FF4	0.0346904860823
B1A5D8B7BA0F4F8991D10CF93F9798515EEEDF4C89728BF6B97CA310E8293D4C	0.0347049044057
B1C68AAE50C1FE576F72FD6C6BDF8A1D7CB9A7BF17B39F9E6CE2028C2F17411A	0.000288895846992
B1C8F3EFBAB3890FAF44F0C436DE757F327FD2532055EEF0B3DC02B3CAF2AA81	0.00561665489523
B2255B8309F880995902AE7EC6359EA59B457844176A63892546DEF21CCAF4F4	0.0346616853466
B29F30ECBB92E89BC3DC0C9117952A38BFCCCBAC227FE2D89BE75892D5710608	0.0271677240931
B30224549B55E415E9F0ABAA30D7B01498891C8954E163846AE0CD937A0AE333	0.0301444043321
B32DA68882ACD90F135D888CA58C47E4E8E27972154749392E3CEEE32D592C9E	0.0267723773411
B360D2BECF96FB88966F97BCD1C7A0FACF8BE1614C54BB36E123B7082BFD54E2	0.00262524955591
B44790FA4B0EB0D51AD3A924EF61EBAFA9B7A31F971DCFBEFFD82CFEF8512C6D	0.0345898922949
B4A0DF0659694C3CEF781B3427E20156BA2B0155214D2409500750210A79DCA2	0.102684879887
B4C1E3135CA3D6994259EBE71557C445F50F79A6A1AE620576618A1C1997D278	0.032096867192
B5357784671E2D66A4303F505491B99285AD769EF9496400CAAB1AE55D66BC19	0.0337441907456
E2610902DCE2819988FD3236347078DF1FEEA473A75BC03EEEDD0A93480B536D	0.00367736110805
E271F5A1B5D04C7DA4A1B64500BDF096CCA958698AC7AC2F525F21CC1811DA31	0.0297629656033
E2727A724ACECD4B6A7A2845FAB86982C7DAED1E2AD5EC115CF6C43FC98806BB	0.0148629405482
E39AB9AC4DCBFEC872AE21A8C4A67182830040DEF0B0C2EC997B94A884585BA7	0.0314205079962
E3B700AE778A187DF2925794EDDD22015CDD130E08C5DF8C929101A95BECC61E	0.0186279977691
E3F1C2BFFEB880854EC819A7ECCD0BE25FD0FAE85D4E220F908B8C0F4C111B6C	0.00326471565695
E40AFC9758433F2517374299CB8F46E2C4B363174D8B3ED7670EEA9631A58337	0.0346976937461
E473FAA308ADF32DD024DE415F10A2B2EDB8D389E6CDF36C6199325F8B6C4D30	0.0347989164409
E49032C9D2E9A68E05AE060BDBE2A15F3ECDDEA0A20704186523B458D02EA864	0.0347265543772
E4AEAC018598239BEC45007E190CB8DEED8A2DD6862AB6D3B57A7E7D23CCBD8F	0.00390615863214
E4C61BC456ED49E8BC1CD91A65C9C0A3DA3A48C93F13ECF986995BD2AA51215A	0.0347482313774
E4DBB6C6840348B04B57D93E1676FD5440DB6DFAAA885DF0BF79B279B634187C	0.0304522246535
E515FE1A59C4A7CF1D02669724CE320D74B5A536A35D32BD9EE1E7D2450CBC9B	0.0253568174916
E5CBF7B22B34CA3B5AA825E7C7AA4039EBAA69A2A462C11D4A9B68F7008472F1	0.0301770870979
E60FD94EC59F228407987A6D19C9450F8C7857DBE8F3DA35D0FAAD3C4F7632AA	0.0324397824398
E642D890B078CEA609380A69A43912CEBE627F38988AE3FFEB51A5CB61A07573	0.0252877044216
E67E082F261FBC18434043B88196F99C299016CA94BAB8847AD2E3EC1DE54427	0.0327322618581
E6E94CA513592DD78B58E6A6FC358F6FE18B27582F3C24ADA001B26CAA103537	0.0341583145838
E6F3D2F75D2A5605E38264B9C263F95121CA6B42F0B8F6FBF454E1AE3BE23A6B	0.0347049044057
E6FC52F0AE301FC3C30F986311113A0C91A059D45B4DF5F88748AA4F438B36B2	0.00352521478479
E71BFC7514FC128A12BEC79E1000BE8982E6301D2503D5FBE6E9369DCECE7892	0.00373493167535
E72E27F6F0B42F9E0529B6DBD6C63F255707A2965A0E5396C5AD8D91C226CF87	0.0602660016625
E77ACF961230FE032D31C1E2D3E4139EF6B579B631E31D687AE8127D865D2119	0.00449492638549
E79D8EEA1F712C6684A9BA0DB2928312B4C4841F4FBC08583BC557159F756133	0.0347916666667
E7C01A894FE5A5CB5EC17337D0EB56A8547B24AA63336C8A2A5DDC8FA1192B18	0.0337851507182
E836E06030692F05DB911CFED8FF034D557C3CA1E442AFD37D62ED56DCB41788	0.0335476094817
E84B04FB204EF4AC27C8325838F572F4F0D171DD50459EFD779E413192D9C8C6	0.0248659916617
E958B8E45F28D1013F56E6AA189B4B934B8DA29849890DDD8DD80DD90CBD106F	0.0265163543982
E95BFE6417149108A62F0F31C61007682AD8CB86575AA06916247DA7019D8A65	0.0299283154122
E9B6C996E52CE8B3D575C90CAEC66BEC027886446CDCD8FCE28ACCC37E3BADA7	0.038485033598
E9E2B5E89AA5268BC35B1965792D2EE6CEC45E91881AB02DC4C42FFE5A10BD5E	0.034769935457
E9F4359206F4A6A038AFF9B51939A1D59FAA46847DA2D10FAE6991417958D4D5	0.00409383962935
EA2E98AFC1AC8FEED1D3F9081CE796837EF5BE109DBD7114CCAE3BAB982DDC2B	0.00633223372388
EA6EBD4A197F4600B9FFEE561781F16D3CB49B1F0695F79C60B7B1CCEBB0F61D	0.0255000763475
EA83ECB8820AECEEBD5119900F320290EC35BFC525C3F23E9693BC3C8A8CFF13	0.0318459191457
EA8F590E25255AEC86D8B79E637D762B3F42D50DC1F2A043CAE441D1C7BC8249	0.0327901040644
EAA8B88A40DED89A96F988FE4D12A756B994A3872680DFFE5963B88DC05B347F	0.00559033240719
EB481A11735970275357B918C1C4F9AA05D7643206D0DE11ED0E2775128AD50D	0.0339086294416
EBC3F7C7B0D0C69D087EB63FEFEBB1490D63BDD4F1EFC85F1061E2611298D062	0.0264324153213
EBE5DF5D098A5711E0E7C8F626B9ADCE427F5D37228971131B49A49FAE71FA88	0.0347482313774
EC5EB7E4D8E9037FFB8D471AE09AB963F821E2F2A2225F0920E17996CF3919B7	0.00627018097169
ECC000D55EDF79CA7538BF220692A441A1B173E5B04207DCDB2FE6710C84A708	0.0338605028386
ECEAEFFEF9A71745CF9E162DACBB668676F6394A2AE7B5D1CD3AD756C2A48D6D	0.0345755693582
ED1D02DE330D0DE84593502F5385C1C689A584C1CE6A8ED62E93E6F96F29C2D6	0.0347049044057
ED242790F548D4DB0A7BD288FBA00B1439AD6510D73D41659D8CE771334EF18C	0.0299283154122
ED407B8C35487EB5AE90F75A7D9CAD3E2E62CBFCB9FDF56515744B82C9313D26	0.0347265543772
ED60F843C646FF45A8CBB0CE24BF90F62B1097B9DADFCB844213002F094ACB4A	0.00313332582836
ED650555FB6D193AD0DC029DA908345ADEA731313FC127FE1BB82B2EB1FFA946	0.0338262102491
ED85746032C4FA776BB96B347E14BC4129F700078373FF4071A8F31A587C4FD4	0.0346688810463
ED9D10F5667ADB946808D4D6C88A28EBD1E8BE5B1C888BD5D4740631CD42895C	0.0347554630593
EDB8951218FD69CD3038F29AFEAC3F32D6C2F45AB7E6DF7B5F4810BD4342770F	0.021423989737
EDC2ECAA4174A53876D4D311C31E599848AF94F918EB9F680933480BB6E57952	0.0119149543379
EDC626AD567C965DD6BA3196E032AC4FC9D429AE11877795F2846345D8BB9F58	0.0347121180628
EE7B06967EBFD1B62F16626F4C5FB76B0B734EA70C11406CB8E661583C641712	0.0346760797342
EEB490B7FE74A983CD76FED9EFA67CCB8C01E0F4169297E25D9BCA119CFEDD8C	0.0254185692542
EF08E3DC2F17CDC70DDE55B1FE9B07C28CD629892E8688F78850D893318323D3	0.03483521068
EF53DAC7D2328D61FFCC7CEFFF4DF5B9785ACA6EC37FF4ADD74A240E3B961661	0.00620057178925
EF80304485EC5EACB2215E073E6654FE2125013405495DEC1481AE60428BDF5A	0.0346473029046
EF83440D8BABBCA86479D4DC762AEA75170DD982443721BF7084A107C0649795	0.0321710653053
EF938A3BE1AEA9F7411C3FCE94DFF5E1DA080DBC6BFA45BD5385D69F554D11C9	0.0281904118839
F007E59949294D72818E1FA879D451DD5AE20DB3295C44D2C6A4BDBF1BF587BB	0.0347989164409
F00DF41CD142A387EE5D908C55FAB7556477624CB4F9B4719FF876D4C8ADB17D	0.00363533458139
F07CF43DF26ACC3D161801EDDEDF9D94DD0E8446417FFDBC90A0764B0447B6FE	0.0348134250573
F0BC5491006D706A9EEAED83FD461FD3DB7F0F055DCC02C3BD67C647505D8DD3	0.0293807178044
F0E49EBA3ABFEDAABFD60FF8CA2BD5E171A3901A1CC8E299BA58F64D200477BE	0.00269646230604
F1122AF8AE21635ABC81A92B274F9CAC0859B670DD394B99A1332433536885FF	0.0337237479806
97453FB0272FC0C88B4B582E414349CEB9BDF2EA9FA37F3DF68E5AAB9D3B4FD2	0.0317611259034
974E4D99288BEBDDD84E92AFA12B8A468DEFE27732B6968697D4C0964A02F1AC	0.0347049044057
976B3244486FFBD86D77AE831AAF5B9889D690ED36E39B0EC23538CF369183ED	0.05
97A143AFEA249F452285052ED5E2CC359CC487700E0BCA3419F90D284D3136BD	0.00261948457327
97A3E05FB6AA144466710BC60025653EF8E8A283014D79EF71D543A6D8ADD893	0.0346688810463
97F907DEE7F576715E96FC5486E91ED3ACDDE46295420A90497D68D0161B9B5C	0.00260803023441
98037331F0E79C0BA2D31700E267788A5A3A23CEA9D7ABE0BBCDBA0087A5D210	0.0196355085244
98EF78C21F186BB98B31E4344E7A3A5708A70945CDA087CF9AE3EF8DE0A369FE	0.0267842822775
9915055E22ADAD291E1A73EACD279F1975364193EB1DBF2E17883858929AEAFF	0.0339499898353
993D5521D7655193C58E46CF3AF3CDD7BDBBBA40B0228A627DC79994F91A1C9A	0.00522315703875
9941BA51241BFBDAD656CE30F7F257D228AE4F9B8BE2AEB712CFD246550F3F2C	0.0347265543772
99D35FDE34FE0AD66BE667C90D6D09CE0B31048CF7F72FA21C35CA6BD4A96455	0.00654055535973
9A0F278A72B0326A28EA529B175DD8F0BFE07E11D144D18714913E25E57B46F8	0.0345898922949
9A1C9DB5DAFA2B09164912F5F9B112382E3D72F33C2978F98CB263287408697A	0.0347193347193
9A46B886130E854D7B48E2C17E15A411CDB5E44D0FD16FC5218B25ECF1E8E62B	0.0347482313774
9A63BD83228F36DD7022D2633891BBCEBBCFCA02CFA4924705430E3C20F09B17	0.0035567482376
9AD7C6A343AA9183EB67A35A2A86954003DB5F276CBD66D8071BAA14CDA1A76A	0.0337578330301
9B4333864F6B673308DBE778C70721E256792E436E1C75135BB65F6514320998	0.00277810124266
9B80D3793532738FC87D09BE20143BBF6D6CFA005F8F5E3B5A58E23B797A1D71	0.0346401161585
9C1F31E98C4CCAB62E8D8CAB5928C80D4DF3FEB5E9DC2E9CC80F696239C84C23	0.0286400274395
9CB9ED7118461FA773D2F6F16D81C44892E0898A71C8368A44B098BAC304850D	0.0347193347193
9CF4478798ABD7905813FA363209BAFB5B194F154E18D894FB03446788CDACB5	0.0346616853466
9D3298E908BDB55F13C30E05E86E2656958118EF180B93B61F8F204AA95BBA0C	0.0346616853466
9D33830B7F8679970E54F020A7B18F26547422B7F7FEE49F2D8BEBF6BF12C296	0.0337851507182
9D53F78543B89BEB67E2F2FDC434D366A154C5BE05BE589DCFB736A2D67DAA96	0.0320845341018
9D7FFF42426D9132A850994C49D7381332AC796B815B9AF3397A15AFFD301411	0.0346185737977
9D84FEB8E87259BDEE18AF4D788E2D329E630CC699A38A52A27B5F5B4F8F0546	0.0346976937461
9D8B052C1894714AACA152BDD7533EF25BADC2D68BD45C54458111DA111C41A9	0.00787996036427
9DCCE9540BECD1441B7BB6B89D554F83CCF8AE6B67A5AC40A2D63CA589D5C057	0.00422431892343
9E71802E637D21F1A79BF5BC331DF7F091419744A474F65A6E67D9CEF8C2FDEA	0.0346688810463
9E875A7E11E1C7B9708D834D463B78DE284A16FE2E43A8ECC62C8C0716AA2B47	0.0243582263711
9EBCB42E252674A37158BE28B601A3D8F6178E96A160299967434986542EC16A	0.0347265543772
9EC4F5D2451C6D904630F717FAF091C9819FEC0611618AC05DE9430A61B77B70	0.00410591793081
9F71336F8ACF0626E5662017031B873898180B26F468F62AE1A44D0DEB698E3E	0.0336625680306
9F80D41558334156AF99D3B6CB24B75E3E42AFC2C23EC9A2B3F12993623C15A6	0.0347554630593
9FDE026FE5935E9CE5F4535EC12327770BFBC80F084EB7C6D2E122496B8AC70A	0.0327901040644
A03565249205C64BC4653039DF88588B6BBA873580FCEBD6F4B4650FA6162224	0.0337578330301
A035FC6340534271D4FEC48DE2DEFAED5F0CFCFC92EFA72AF6427FAE03D07A62	0.0286302074404
A0607D6087770EA35C1A3F077C1B25E7E636134DBACC50C2610862B2CD96B771	0.0216798649877
A075836700165B9B3144E5C84449FD9279719E000E1BB6FF031666CBBE06F26E	0.0347265543772
A0800D3856C8CC0FED0C8B0BDD1E4D71B3E8349A65DDF750EF0C32653F0594BE	0.00672492248218
A0C76ED7B99B76B91E19BE8402596AC5D944678AD4843D42B69F30A21E6AFAEA	0.038877755511
A11B78019A95575504A969BED51743F6F4ED83361E9336E64DCB7DA077F9B210	0.0346832814123
A11E89D8D796F0BB84A151BF33D547576C857FD5F549E0F08240F04B3940F3A4	0.0029793231406
A135B95F2F70833B415B1AE1CB1440D5F10E0BA14300EB368A54188B2B458908	0.0347121180628
A146FEC6FD2701643BFAD175C4C20F7DCAE33EEC69A54A0957D37891E8247878	0.0346904860823
A1681173B493CB04DC1D8C22A1A834DB78D0D0FFD6C761E32A28BF08B04F6477	0.00772683107389
A198E68E54E315D97E27B89DB62770DF32D113ADA6BF3442C48997FC9EE34A97	0.0337305594829
A1D29C01A6B0651DAD4F7F72407438D501F6530431347045E14B6EB1BDCA4ACA	0.00929999443114
A1F83EFABAF10542C90DDDD01044B5307EFDEEE27F87CD0B6AEBE11C90461890	0.0337851507182
A26A5216F24E85A626A716DAD7DBA66D17E07A286034C9D82BDEDA394C9A93CA	0.0330170027679
A26E84B770C2E127F74F36203BA6B5B600C88FAD507A72A7DCDE3AF447A2A109	0.00417991139589
A2B5C456BA2EC31CB75191E19DD1774C97C994CC1254DBDEB98D6F1FAFDDD07D	0.00261948457327
A2BFBF985904A6156F6590B07018A01B9E39E3C04ED768D24F4D2FF2F1BD5EDB	0.0264324153213
A2C7F9B6875677E6B30CCD18098605E04078765BB8B148D595A33DC024D4F9FD	0.0336422240129
A31F32AD1BAC30CB3A967263C2218BC8B080912B95C87A5C0337E27C308E6FD4	0.0346976937461
A33330DA715AD531185C1FE20EC60206B2ADC29BB2D22622079EB544A3D6281B	0.0338536387594
A3A9D2FC575282F9868142929C650C8DC6DC24B0831A85E159DE3BC75D136C27	0.0347193347193
A47747FF91E5FADA919F978DDE5367C80313FC1768955C89017A5CAFC6BDDBCC	0.0227799754467
A4B5867E1612149F1F056462BA08AFA0434D7EB99D13183D59E44A97B6577035	0.00406593139045
A4CE9D6D00B154E23A5E30171C452415A2B8650CF12268CE9A1EA1744C39D452	0.034769935457
A50F9EEB4F79F5E66C3EBE0C9CAFF92918FB3791E31B8E5997C679DFB557EF07	0.0347482313774
A55E924F85E7E0CE5BEA7CDAAC45E8B73C0386BBCF83023FA2A2E1B4C7702860	0.0347049044057
A5CE1E6AD9EE3AC30B17F5A872A708CDEE0B0861800F2B37ABCEB7DD05E9D7DA	0.00323812847808
A5DE03D2CF5EFED32BFCEC1A8D254E790287AB84E02EF0BA7E4D1F67AB20E36D	0.0225462400432
A5E0FADA907EB371A96B3DEB9D6E651CA35B160C70323FA4055475143A8B2933	0.0327002153906
A5F96EA13CEA45D36A7A9F4621065A9457F90D7C6DE991C1D39CA2E5F74096F9	0.0345398138573
D34DE56E9BC24EBF65788E9722265157C1B2A7FA7FF84AEB93B51F65009F3538	0.00262524955591
D350E7DCE0C77EB1BCACEE38F33EB9721BE417A2A86AB1182AB30646C483CD23	0.00387939044787
D3CB5202DAB0F2B5B9A8D5DB14091701583EDF6650FB991E4F776D3186AD2BF3	0.00398444396727
D3DF2068E6B5432F5931F8C5165DFDC671563884F44F1F52821FF053AA718065	0.0347771761766
D432AAAD2D03C186595AE81FEE4F7C5381A56D4C3735EE89789FD085BECCF549	0.0347265543772
D43783CA2E8270654797D613613F98CC2427A906500B44826DCEC1FAAA905594	0.0250149790294
D46D56975BAF181783FFF6A277E02122EF085469C6E120E68F59EDEC6DB56B44	0.00838858750251
D555F95326EA1F57227818CF7ED1094F7556129C2158F5FDE616BB8E51AA5EEE	0.00263685598345
D5A05C26A971C888A1FC27E741EF25A0E9123AD7922DAC609B9150D12E91245B	0.012916698894
D5D8A8C1FFE37936AA1A0E40EE329EC0E75007145DD305E1EDF1B7A8467005FE	0.0347049044057
D5DED9EBA73BB9E6DB748AE72FD767F546F59D8C3CB203EBDC654DADD6C70943	0.0335476094817
D5E63BE6A7BE011BA545C00FE9DC751152A0ABD0E3987212F49C722D3F3649D8	0.030971810089
D5F16269DDC641A8E98B344CA44B44E4772B2EF4D58C29A243C2274122E88C47	0.0310813325889
D5F4A0F774C60E0589AF18003CF0FAA4150AC072F06A6AC44AE641CBDE3F2A6C	0.0217080462758
D62F74AA92FC710476854653D24F353BC809B2FC07EA6EF4B5185C80BABABA83	0.0348061692372
D67C261C2CA3AEF98771F74150D63602F31F7E3E9251284AFA02CA40C048334A	0.03483521068
D6EFC0A1662C4CD7AC500899F07A3843A97FA678D5D28B1B87B85E54F214D89E	0.0294376872907
D7091D921F12FCFC4743A61BC4863C0D66071DD504301D1A253D96C419774612	0.0347771761766
D736B2616C10374D3F228E3A71E54470E88D2DDDCE1DCE3AA73433779617D132	0.0328869633714
D766DF15FCCF6052824A83A00E2B5E1D18CB728269F826F248968323017B157A	0.0327258475407
D78A1C84D71A21550264C6A224CB30839EA4FF28D9CDD7FF918F476283EBC418	0.0268014764885
D81DB5CB5F05DA980EA465F8FB4C86B1AE729C058F26174D41E7AD2D03BF13CB	0.00472645968358
D82712EFD7FA29C97C2AD2CEC94931E7259A70FF9FC003AA685DD29D6D904265	0.0337578330301
D87D7718E648ABA1AB61AD49D5E717B9F9E50D4DE5A59660A17EE13288C699F8	0.0285665412248
D8D385564B4909D3B7B4D13C295ACDA589D4D1EA1872163BDE1E7F7ED0E81E38	0.03483521068
D8D67B5E0C7754A9A9B6B0BA8BF5D838F150F0F123C1560D37E8558AEB51F590	0.00262524955591
D8E330C9C7F5AC655117B8A2AE3348F83F4E11F141228EE0F0BA42638E422495	0.0336422240129
D905E6E6D362F43D539DEC214197C503E62E0DD734E4FA06C39D62C98153FB81	0.0347049044057
D906DF30D6B8381C54EF6138CE1A42E3A662796B560C42C10133860129DADA7A	0.0258513931889
D90A421AE9160A8F97B627933F01E1FD59DA9118235FC71BF5167E9630FE9A98	0.0339086294416
D90CFB41E9EF3B052BB5A02C4627CC4D749A8D8004043CC9BDBA3E5DE1447303	0.0326299335678
D92B0C8E795646A52EF8F92CCB0313744D04660FAED938AB72A521A0C6FFEC1A	0.00328268433157
D9642DA76F7E96A4C6BBCB63C7C848C22440F93CA8C24831201CDD5BA928044A	0.0346832814123
D9AD95D40FA38F1F30D8DA1275A6BBB6DA0A6D6981ACA138102779146D2994B3	0.0347193347193
D9B65BDACD65C3008DE7333A4C02D083E3A724649A95D10E56D0B6BD97797E99	0.0346113989637
D9D28BC98AECB1C3DA055F0274B94F53F67D1BD95B9FDD40A70611749A1A0AFA	0.00439554654805
D9F37197B4EDCC5EBB4886A1ECA0C3FF64695FC3C8A3C00342A0211FE01EB21E	0.00458124159877
DA101FF819651A36C8B521E58CB264C70E1DFFE68CA9522D37BCAF51C4F793F1	0.0347410027044
DA2C79CFC6C3929B225F9564A3E4D84B52F2A5459412F730BA76C8C1D2D91A65	0.0337305594829
DA98C14218AF7467A0F986414AF4E8E9F7D84D2AB4321182F626ABBAFDCA1789	0.0979217375023
DAC887B8E3FD54E38DAB4ADAC3C31C32EF886EAAEAF962118FB98B9E591DD64A	0.00310333934179
DADC7263EC305C0D578F12FABBB16B7F9C6F4D9922B5A2F7546C1828FEFB1E87	0.00461670306582
DB74E1BE0C8D5555563353E0049A3C308675E67987D667381DB43C773F236EB7	0.0346329323932
DB85FC268473DFA724DB3DA272E2EC55E6B53A2BA69348ECEBE22A9C4273BC49	0.0338056680162
DC3182E9B92FCCB54A9B7B9F1F80CDF66D05701CD91322790D513403DF3C76E0	0.032874015748
DC6D75566A0DCA683292D2FC9A1FD5CD9DC45782887FB27B1316979D82C0AF69	0.0346473029046
DD0A5D363961B1D400CAFF872D7BFBCE5C28294BC647338851DD5198735F95B4	0.0299283154122
DD1C10924C96391CB4AD7E6352192CE4A7C9F406DB60B463FF4D05843DAB7996	0.0258433921387
DD484CDA885DD381DA5EEF95FC268B7F579366F50FE974A599A49FA12AE15698	0.00560440298007
DD7BF7CCCA6A502AC14FEFE76DCEB35B8997518D3DC1CA1A975AA922AF8F7FF9	0.00525190263539
DDA9EF5D285162A6A4A9C67AAD0EE2197525C91176F4814BE60CDC15C2D13836	0.0327965435978
DE1CD6B2F3EB6E806EE6918AAE40EFED0492C503789B1B6F7D28F08C0AFCAEDC	0.0271677240931
DE3BC2EF1CBC3ECAE1092CDCA8D4885179D54038375E8BCC67098E6C6878176B	0.0295941874889
DE75DA956F47428B3D0303A29A2BFAD452B796B44D3845C8EFD65EA297569D4A	0.025071310614
DEBE8A929F0039E9BFCCB9619EBDCAD84F9FB91B71B11718B1EDB1FE8FB96FC4	0.00423933186099
DF426FA3EF51D1D363BF5A1CA1500301396432CBA3020FE1BE22A30280E2C3A2	0.0267029101375
DF6D38F32ADF0C6F7ABCABA3D8971C8FF74133C9D52AFDD909B88B9BEAE9F632	0.0347121180628
DF7B750C1BEFB03B935A4137C6971CBBF8A329ACA1C91BADC1B4014414593644	0.004816427768
E0749B8BA944BE932818B68FE97C2BF75EACF774A1CBECCA4C1E446B271F5E31	0.0246567252325
E0C82DE8A359FD068C03C14E50EEB02330E6EE59791911E342926ACE2D063D48	0.0311974593686
E14C6A7F1F7E3C2ED7089994B0E242880A186AC5E8C09817ED4E54FD2177428C	0.0261509552145
E1A88D7546C9F71150F4E04B18F32E9467C6C0A91033B05A01D933690E4EB98D	0.00527262968459
E1F52506C9E6C2578DCD0A0B5E6A513D03FC5D887934A2CF2E41033C05982505	0.0345970582142
E1F6B9DE6E9D21E5BC39F51A1AE7BC3D08CBFFF2FF70179E77C4DF62279C61F4	0.00321197084223
885CA5EAD19A04950999995C9E214A69BE049DB909EEB78A88F140852A649C74	0.0304911447873
88AD8A0ED434E9979533B7D5BFE06FB2A13B1DD3EF32976566D015F71A64A195	0.0250337280768
891C0F08630342CB3662BCE08C8DD2D0745120CA31295A45DACC879AA11CF6EA	0.0320352963744
895AD5E5101731B367CBBDDD22711F5A29051DFC49FAE206DEFD4E4956E756D2	0.00322936205596
899C2308E74613BFA043CD14340A6069BD9DEA0451488D5DF6299CDB3B14D1E8	0.00263685598345
89B71600A832606ACE7ED8FF0CBAF558673585DF18F5E5C6FD8B7FF9351A84E3	0.0299283154122
89C863E5E4D6276A1F8E968642B550AAE54A9D14DCF89AF20FDDFBDE4F38D371	0.111367127496
89DC0F2B2D3EAED252B2098385C1F5D5449DB7724049C9473E9BCA80EAA412FC	0.0142467155775
89FC57B13DD383F7A9599E5AC4E9A7505E011EDD4049E91D5273A06C4BEDEB98	0.0106525483192
8A0BE2886DC5AB05E99E7C999F5FE72276779AC04DE9F77E061997EF4295BC5D	0.106834975369
8A44AE705BED37F5F12CA49695BFC760D43FC397D478D441316FDBF5772CB4DB	0.0298587520114
8A93AABAD29368838D757964F15035E360A05B597C5613192A90F1F43E477F37	0.0289077375801
8AB64C8B8CC6F60AA4D0AE76153A5BCBE069F0E041A39A1FE444E31F3661854A	0.0346904860823
8ACCB9B6F63B0017B8E7148CB7B86F7D4BC43D4FE6D1E8A269E8AD5D0DDBDF03	0.00413642781067
8AD7EA8AD8DD241FE211F4FA6124472B0FFD75982CD589A3029AF0B1792F4D8B	0.127574815391
8AFAE247C3EC03AB385730D0A5641471ED7827DF3083650E071C8BD0FCFBBDED	0.0347121180628
8B94418A9F3F0230ECB4BACB970F1436FD6915C4BA46A1162F4DD928CBEF3C8B	0.0347482313774
8BD0F7AAB4C250E8D7D7DAD9B951C9952EBB00ED643E7EA550030402B5011447	0.00656885497384
8C1D6B2B743A16E7374F19BCDF1EBD15914B56CBD868A5C7B387E8282D343196	0.00262524955591
8C7C2E5A8D9DC2C80081FDA90141BD26B71F6B0539AF9AF6916B09302512EC43	0.0272653061224
8C82FAE5F764BFCA1CCA95010A5F0B48F659E30CCF360D3883495635FA744EA6	0.0335745878569
8CA12B31BA7E56228BE63143C1B0E9A854E60232F73AD11632820C4F5FA79F3C	0.0348134250573
8CA1757657E00EE9420786891A208BF9DF2815EC003BC4659B12F3679DA7DCBA	0.0339086294416
8CB220FDF8416E2501BA6E5A8D8617474FC4DD0CCDAB05FF29495222B783A31D	0.004816427768
8CD2523C0D1CA496F521A1500FF559106CC47534AA4ED880BAD202E8BD6B65C4	0.00351482752089
8E52AD9856183083F62371E1DEEF84B5EDF86235BE9F341A86BF744247BD7A22	0.00263685598345
8E6BAEBC3AF3622C6D9B83F8F8AAF855C50443F4718A376578B25571593C6FD6	0.0347916666667
8EAFB8EEA81462EC1EAE836729F1E5908E4432FED250C9A43FC57BFBE8080B52	0.0566497842806
8F23AF3C497E8FE3B9D40ED7862D9F723671DE228BDA714049E829747242B075	0.03483521068
8F3FCC897F8ED00DC178EBD925EE041B300F9AB1474CBB42D9FE2D2C83C2B1EF	0.0269746406073
8F8A920011906D65ADA619F5D9D519775C0C694CA0E082499C0536C2E6F517ED	0.003588850923
90389A79A4B027F0E462178D10572012421ABBEF529CB4CDAF2057EBDF55343C	0.0346544926333
90C03EF533BE11AF354D67674CD058F3B822B8BF20A0A1DDC5CF7B5BF789AA78	0.0346185737977
90D9AB855509D8F2B876E1577484EF63774EAA497A87C733EE4E7D098B4E1048	0.0345612582781
911C096AA69F6BA627DF4B33C1C29D5A218D3B3D1C16AC276B0CAC7CA80C908C	0.034769935457
91D81434D423ACEADD8B1E07384A38B098943275207C57942E7877FEC2DC44D2	0.0258553955721
91FED5771E87DC10F6CD850B20A4773CDFEDBEC9915F792ED0AC33E56DE87467	0.0347844199125
921C389A244F06EF9690ED0C782A90838BAA02A1BF2F218FA5B0C263E3E3A1D3	0.0347049044057
9227A955776A7B842F561FA8071543F4880D7C20B79E864AB109FDD3A8AF391C	0.0337783171521
933C699025097B1DCB33F818DABB860E086E49B293B7D7611C8EE6AB20969BA3	0.00531627033394
933DB32FF9F14FFBA0DD5F30E13BDB43F99FCC05118859E6479FB90CF886FB35	0.0293548954122
936D5D510F7B4EF7905DB6CEAFCF827D7810A9E0CDC11141AA83CACF24A10DD4	0.0267542454342
93805DF73DB8058E2C004A50F38A194BA2BA2B4639E4B2DCA459A2DB0387DB8B	0.00300938857153
93EE273026BB41BCBA18363E1C412745B426422C134328D4300681B0CC31C0F9	0.0346401161585
94072B891C4B873D6F2251B4126EDD6AAF0EA3EE3735122FD53C070D1450B1F9	0.0345398138573
941A8EAF13289A091645F3D273AD34A2C10176BCF98705A56C4AC6B24D6AE939	0.0278194236215
943DD68AB2E3E3E5985986C5DDE79EA35DD81D8DEDCDC7A37523E1E80E236E2E	0.00365482677872
949422DA14F1C85B40818EAC6F9082E73082DD2DBB9F4AC1F010CB06874893D4	0.00252846414729
95223308504FB072AD7F0C4C8810A6EA9BBA8DBBA2A66E39829890383298ABF9	0.0219131347592
95E4033C35BD180346B9E708C4D125409C931241B4D04865101A821025364287	0.0337851507182
96055539BF6515B7FD8185B7C18EB420420C3CBE0EAE1AF046E56F394A188F8A	0.0347265543772
9645A0C8F9E0010A4D7581274B243D61AD0FC280CFD9582CB449E13ACBEDAA97	0.00641124078624
96520DAABB36C0D13DF4B82D91479E7726759D8BA139BD624F108CFE5D18BDA9	0.0327066196631
9670150549DBDA23F629B1B131A5D3402C9FF2C3B8C31CEF55F4EBE3F2AAE046	0.0347482313774
9711B75085EBF7635BD829C3B84DEBD4D71461127651323F8A098A5BC2B6DC6D	0.00321630106119
C50FE74740B9BB7B49C8E469BCDEA5568FCEE3020EC0F5FAACF6414FC8C55A8E	0.0247958426132
C53571FC9CE6B3B315726A0F44C82BF66EE64A9A0BA6061E4D13425D2F74A61D	0.00734614877051
C5357ECB42499ED402AC868D82A39C1280AEFC44839D15C53482F69ED8B07A47	0.0219997365301
C5A146C77CB0B4E4547AE00BB7252C035D5B913B7A32A64A842EE6C1F73EFEC0	0.0361445783133
C5B8A5FE3C73B131E81B4EF4981909C6CFAD5DB39E18BD8FB600B31E48826CD2	0.0346760797342
C5D9813A13DF06B64A03A14D1FDAB62043EB0620EA7FBEC6B83C7FA4BE53BFDF	0.033682936668
C6167B6B4085E0625B30ECB4B82879F42B9090B1666F27816121CEFD80404158	0.0055577742279
C61FF2B4481A673F3765B17AAE434E0C079A3756E9CB36F1C2A1549CE0E7953A	0.0284545919237
C641C726A87D9AC4C38D6688877A1A86CE4FEBF84FEDA4556CA787EC3FBA27C8	0.0539224864258
C66430C6CFB5DE962FC3063B4A292455EF900C46C8996A3251DDE40B8721E6FE	0.00367736110805
C6E92EE2493C07703248939C65279758957D030429F16741148B6E225B9CD5DE	0.0213664278403
C72A30F3A7672FA0C117DA5905428DB2F36FC3BAD029498ABC878F6EA3269AB1	0.0329583580028
C7B35F9A2A81E10229F5AD266A04A3A87387DF33B8CC1008DF963164D3247C30	0.0339983713355
C7E4BFB7BCA5039D1144A8EDD3202882406E0D593E9D96702C8C98CFD4CE5856	0.0346760797342
C832A063236E16871D59FC07801F6BD76E2C0BA60171E6348AF44F9D0F3D1D4D	0.0347193347193
C860D267D8AD1D7259B9027FF3BC89DAA42EEA562F48475EE922B6B048F83EED	0.0346544926333
C8E5BE8E451B91A56CC1E278916561765EC941A5605E8CED771D946BEA59101C	0.0251014579889
C902E0A3D29C547D36B8FCC5FED9A6D005A341E506A255F79BB03F87CA0CE054	0.020645320806
C90FB23499DE36DA2320F13623A5B49F35B9CE36DCF8E70F14EFCE946831927C	0.0204933120628
C91602F0A0988662BDAA6BF7C6D9AE9440F5F3356D48C956C53BEC895B530BD1	0.00636602752259
C9D55209E7682D3F712A9E1C73A13A00E2FC377FD4A901C0C3F8A44FEBA6D036	0.0344614114734
CA86EF0471E540CB839E99EC2224418EC640EDB233345E5A582FC17CAF283098	0.0345898922949
CA8DEADB09E58207CBC6310327AB329DD982EC51896A8E2DBF83E54CD0780A88	0.0034437960118
CBAC92DBE6C06E0F089FF3091A04CFA447F2F09F021C820663EE369BD696D9CC	0.00620287486536
CC30983FCD37EF41515F8DE4A908D155A19AD6E5FA124F32DA397B471610EDF1	0.0334
CC31D67DCEB3F24B1ABEBCB8B044E804F0BEE99D817B4F5EF76F8CD316958EF7	0.0346544926333
CC3769CFC257ECCE18BC7BFE00CF7B788F79F81E4C8F31243CABD5A29033E354	0.0277639235245
CC651539F914E58758F4E0321E4DC64E3F53DF2274E0FD63AC1F5DB65AA512AB	0.0347844199125
CC8523D37DE98EFB14340F604385A41FC923BA1A67B99868F73515A916E9CC04	0.0206862380775
CDAAAC45BCBC5051BD3A812F51744AB39EA6A15B782F896FBB8BF71DC1DB7EA3	0.0339499898353
CDFD43AA1DB20F42E6EEB294387AD311A77B6616104B21393146E7A1A2B969A6	0.00330085189651
CE20CF94C00664770539385FC24811A337AC9DA5781D2DA71F5B01C24785D985	0.0338742393509
CE2F26C5329F6B0953568DBA9021692DC061817A06015171535CC439137EA944	0.0347844199125
CE946C7B7AE97F618462649F00BBCA98DA6EC2E4FDCABB352EC80D24E1CCCBCD	0.0347049044057
CECEC66302734117800ADC3670849C10FB705771A39ABF30C490F38C8EDA5F66	0.0347771761766
CEECD441A4A2ACB26703044DB81F36F85FA775D55DA8507D96E71C44BDD28F87	0.00380644131926
CF870A0336AD6C7A8F39E8092686F8B042DFC9ECD4790DDC85BB4C3069C6982C	0.0133899935856
CFBAA82A61D11F0F607B6868AA8E96A870BBA71773C315350A99E90C093C77CE	0.0346760797342
CFCB21F9F47F9DB9DEBCD9A08A27807F8FBE43B7892D1DEDBF88409D10BFA8A2	0.0327322618581
D02ED2EC3CEF5B5C7B83A2B233DA1AF74B279E3E3875B2310A18A8F5BE36552B	0.00644215561471
D07ACDE2FB75BDDADDDD5D1903278A71DF9722DC2850F4A2F3A6EC35D9E0FEC8	0.0346113989637
D08AA66925AA416C951FAE37F3B0895966D50FBA9479A8A5330CC9DCDDECB620	0.0313909774436
D0E180E9043D648EAB1ED370627880873686C1F7CB319840779DDC8B70ABA8C9	0.00399540647878
D106F5EE70CAE59FAF96A67559CED259B20A38B475C1461FD6618559215E2160	0.00423933186099
D11642931CCB20F2880C7355E4502C184831D439225B6C0A0C731F1D0BA0EF3D	0.0346616853466
D18BA0F87D5F19E9614126BF51396E399766E6DD730CD942F2F5EC82C8F60218	0.03483521068
D18D2C18770F3B235E773F42536F8448F9A7EC0D56E74D0A6D8841FB116A60E1	0.00582429463258
D19F43A4600980B3991340C9E82858A129035C11D161EFB59A4EAA5122E64C18	0.00442818126376
D1A6EC0080B3FBBB63441918190E9263CF18DE1355ACE7EE1944C4E61D2715F5	0.0346616853466
D1C2A7C82A595F51CED732FBBF771F61755DB101B3CA193E866EAF4DC2401BFD	0.0347410027044
D1D8A00B38A6E136150BFD8F0CA678BDBEC23BC460DC9355BE3629B0A97A3CC3	0.0345041322314
D1E6CE990EFEB37E802DA18E5C66D5A5C590012D9DD7E6A9CEBA756F9AB8B3F7	0.0328481510622
D20F535C95CD86264C9EF4E7300D8B3E68B3EAF3120A605FF4E7BB67FB118D5A	0.024873398868
D20FA3F6085CFB3443B81D174338590B7A59149B2DDA0CC3ABAE9EB8080EF710	0.0347554630593
D234FC5D36EA82B1D22C8D8D0494B32A414C76A861465C539BECE6850902900D	0.0347193347193
D241A352970D558403087E6C8A5443E01B6A412345CA0CC6405263206C3A9D15	0.0245083651306
D26FA4807B7F7A33681697519AFBC9031B2E819B9D31B9FCB9D9B37637F57710	0.0108069630492
D2DB20493DA1D12B2ADDC26C437F2E0F12E9FE4CFB64F645A36C95E836DFF4D2	0.0346976937461
D32907616045CD743611F1B7691EC862E0653DD0F19AD6295CD7933988925305	0.0337101332257
78DBF57D40909BBBA7FA06E69E47DF77DA4745ECC7208EB633E6B045544EA1AA	0.0583985550873
7909F63EAD472655D98F6BB1407B77D455B2F5B00D98CF2A7E7260F2F87574F4	0.00762800895263
792EBD095F7781F73D7BA46FA2E66C0C9708E95F1F6FFBD2F57A0EBF5E20AF00	0.0336083719058
79E15C37CDF8A8743BD03B3B3B1B4F592008A97F3832F3ED2F5EB4D3870E3B4E	0.03483521068
79E55F8177FD8CEE32788E8030CB3AB32154CF2A7CC97B3A1653420F632C0615	0.00379433349238
79F3F828ADFBEA598C86D31BD905D9D9612FF8C444669D6BC89CE8730C843F24	0.0327450980392
7A3019786D0961AF5C7DE78ED7FCA562F965DDB1572666AE3EA216536DDA159D	0.0346401161585
7A8EAA04CDAB23121B24E9C4064E7CED4DD51271C3D75EF6EEE1BB033FDB9E73	0.00572447125767
7AB3909B73DEF015549102C3287A96D24E120ACB0C04415C231E0CE4DA726947	0.013714379568
7AD50798A50C9D2CD00FCC6FADA3B2849D71FA3D73BBB764A5EF54C1811FC695	0.0347916666667
7AF4C8C8CD4C5587C60234BCA67BC21FA93C7A200F4D0D4712029F50F39BEC58	0.00314423964001
7BA6A4D47AF5792C1A58582C739C114620A1053F9B08D8E97A93B07B0AA8C7D0	0.0336286749899
7BBAA08FEF0C404D76A8C598D83A655AB0E4FF5C488F091420046636D2A9AC60	0.00261948457327
7BBD812787AC9F9845B8AB958C0928D20983154B86261DF6C371E6A031305422	0.00264269776716
7BCFA051A9C459B485256642ADB8BF4BEB0C6FE3804D319E2E989B995B41392E	0.0299283154122
7BE7035BCBCA5269727E9EC23C599D54ABFD8E384780FEFD20254CFED5A25AD9	0.0255000763475
7BF2728BCAC9BC5C65EAED6AA6E99176551E2D2574B75C974EEDBBEA72E3EF9F	0.0278008989512
7C0AAEA0C04CB0D1105235DE804E11ED756B2093EEF6EFED2E9FCA607E9BDEBD	0.0222488675726
7C5019237CC757E3DE6E2906B754F3CA464853CD1FA2B50107264C1A9F929AFF	0.0347410027044
7C8D5794AD7276B036FA1084BD7EC50F7DBD5348CE3B228858E558CC9C88287B	0.0320598963333
7CF3993830B78CBDE6EA24757FA5ACE57A5EFD55ADB8FCD028BC61A47891A81A	0.00331001129764
7D245D90C4EF35861C81C563372FCC01660A6A9EC2D3381169D2876D20770EAB	0.0345755693582
7D52897104EA479674C41BEE9F51E531697CC1A9928BA2A1C5E27A4277C6375C	0.0337851507182
7D7287E77B6B3C5CA0F53366572AD470FC863FE4DBDEF1E481FAFAF39C3B9843	0.0313732857411
7D95D31B162D7E63D85C60A41A8F28235C99F86CB243ED3DBCD91472970EEB18	0.0315809379728
7E2B158C5F4CD00950C7B935F0E998B7E60D6BF2D72DCDCE19DFC85806FB0D4B	0.0295418361932
7E57AB6A44E48FA448B8B0F6EE1ECB4360090DA421BD92CADF9AAA01E23B80C3	0.0347193347193
7E6F692117A921C817D0641A21AA7AF3D55E8B4A1C344DB83DF55627F9CA666B	0.00390615863214
7EED079D961367AF87FD1B496030AD73AB4D2150176A99E7C28B660077285EAB	0.0317128750475
7F74EF19EFAD096B20790BE0A1C966BF0EFEAE08BE83C3119F5BF71582442A95	0.00263103996975
7F942B16A33FB7DE80477303A5679CE5DF478C0C663D474CC5B0ABDFA7463F70	0.0297629656033
7FAC2C4D2BA50C11BD51E01390DC57B6C78F43A0C9D1CE9A689BA869567F7068	0.0337578330301
7FDEC136876E32CD89E04461D8F4DCB3258DF74E5B6D4C4D84DCF1DF5E60FE8D	0.0334468255558
80006FE06C410FA9CE9C900B775A3AD923AAE17E8F3FF7595012DD08144343B9	0.0310120705664
8000CE41C20D0ED9903A3C2CDE81CEEB93B2BDB93650034CB4A0991EE8EE1861	0.00305564195927
8024F01887D72EB2BAA38426A800AE53B1465CB0C547E55E203A7879F1256FC8	0.00317774437235
80953EABB2BE5C4DB053B17BC0C26B5AB227CC783D511B76D763E45909E579A2	0.0346257516069
80A6957D91167F3139E2C2380DAB791461537C3012DEFDEA61A346186A476EC5	0.0347482313774
8100DDCE27AE35896218C1453BF5C2C3E330B3B0BFFB479BA954120ED694B101	0.00798546358724
81BCFFDBFDB706D3A8EA405B9046860D0F366DEB5972047D0A8357D9CADD8C8F	0.0327130264447
8251515C2E0447363F07A5491E53E68B9F1B1DD9A743CA6930F9F494A29A8185	0.0337441907456
82584B2F5B6A7194798B2EAB19A0B15C3E9A63A1880954194A94D356120DE2ED	0.00478331853464
825FA6C990C4471D46A3D65452A0A6AC7D3B588ADCDD807FD7E724A9E20BF158	0.00498314087071
82AF8B0EC073A11556D55AA814C92FBBA78FDD2AB50DA68C4F0BB43909184C0E	0.03483521068
837D2A9ED1FDB8EEB899E51D486BA5F1A1927D45BA5CE74AD3442799763EBBFB	0.0346760797342
83B375772620E37114A5A1FAF9AFD707A7DC03B82F36C8772AAFFAA4F5D26D60	0.0346976937461
83D93217B706E34CF4D20CE038E0781F44282DAF61A1F72A40966E8DEF74D63C	0.0317853064332
848278927D41BD113CA5811689A403EFF126D1F88B44E5B9EB55ACD10D9E01C0	0.032822327044
84AADD80E9DFE1CA464576C7D974F4B198EF5F70AABAFB04E562AC55C5B0996C	0.0337988261486
84E3B7B3B1AD30EDCE51EAE8DF6CCD70948030483E4B6F940BF935CBDFFAF0B9	0.00277533112858
85C91A5A3A59C25E067478B021F33D5AB0A45EC3641A5ACCB82A75532B233B74	0.00298678303793
85F360E5010FC9CE700A926D3DE96E20B39D90F3ECA3D0DC4C2604700E75CFBD	0.0177038057882
860E42D5B682EAEE9EA761C1D08113C1F20D0219D4BC14A06A176B98F6A96F90	0.0312558487741
8689ED0C3310898F401B64241CF2F62A913AF2018CE006D1DC004523CA94C92D	0.0337646583097
86C3F20299BDA78C7D1A9B347C88474AAC761308CAD4A1F4D03760466E23CADC	0.0348206839033
86ED322D5BD3152718534E90728C3764F548C069DC7C418D15888701CF3ACF65	0.0347844199125
86F62A2C66E3033F68EBB47976692D389EA26413B100C18B347EFD2D3FECB66A	0.0347121180628
8718D58B2F44A04170F7622699E058E047FC550EE4C5CD7D45D94208924186D1	0.0154301025594
873864F8224E6B0D60BBA8D2763A819B25EC8FF2B883259D133DF490A0A2C605	0.0347626977519
8742E08B56AAF01486314F78DD4C7E9C6CF61E76E4BFC7F5DE73784B9DEF38BC	0.00476421418994
87AA3036ED2BE7EF51B7B1DD89304366021C6561178B2AA018BC27E0C631F9D5	0.0347844199125
87D8A28F644E091D31860BCE20E06B6CD8E33564956E1A54C512BD67C334145D	0.0315213288033
87D949B48AF820B5D4556D21A0618F149D8870E7CC5E7DE92CC9D2C7E6F7C000	0.0345612582781
87EECF4BD3EF7C03674CCE950FD526D068C9EF980308568586C369A6778580C7	0.00476489385985
